text,labels_int,labels,llama3,mistral,is_opinative
MÃªs que vem vou fazer umas compras aÃ­ hein! ğŸ‘ğŸ‘ğŸ‘ğŸ‘,2.0,positive,positive,positive,True
Dae CÃ¡ssio Carniato vamo raxa 1,1.0,neutral,negative,negative,True
Adriano Ambrosino,1.0,neutral,neutral,neutral,False
Que famÃ­lia linda! KKKKKKKKKKK,2.0,positive,positive,negative,True
Obrigado!,2.0,positive,positive,positive,True
kkkkk..... pode crÃª...,1.0,neutral,positive,negative,True
que gostosa  aÃ­ sim,2.0,positive,positive,positive,True
otima moradia,2.0,positive,positive,positive,True
eu querooooo,2.0,positive,positive,neutral,True
"Ok, jÃ¡ recebi... vou la loja pra ver os produtos! Obrigado pela atenÃ§Ã£o!",2.0,positive,positive,positive,True
"Analder MagalhÃ£es HonÃ³rio realmente vocÃª estava com sorte! JÃ¡ enviamos o nÃºmero do seu cupom, juntamente com a explicaÃ§Ã£o de como utiliza-lo, qualquer dÃºvida Ã© sÃ³ entrar em contato conosco.",1.0,neutral,positive,positive,True
Casa da Bebida assim vc me mata !!  Com essas promoÃ§Ãµes de ABSOLUT!!!...,2.0,positive,negative,negative,True
"Virginia Pontes, Selma Santos Omnatura , Silvia Ortiz Machado, Roberta Ribeiro Dias, Monique HuddÃ¶ck, Lilliane Fernandes, Liliane Carneiro, Janaina Freitas, Katiane Rodrigues, ErlÃ­ Rodrigues",1.0,neutral,neutral,neutral,False
Participando,1.0,neutral,neutral,neutral,True
muito bom,2.0,positive,positive,positive,True
Indicada por Danielle Lopes!!!,1.0,neutral,positive,positive,True
"Casa da Bebida, estou chamando pelo aplicativo, estÃ¡ certo nÃ©?",1.0,neutral,neutral,positive,True
virada do ano jÃ¡?,2.0,positive,neutral,neutral,True
Vou passar a virada com vc Pudim Carlos Pereira...vou levar a vodka Grey Goose blz!! kkkk,1.0,neutral,positive,positive,True
Por gostar mto d vc queria vc comigo ^^ =D,2.0,positive,positive,positive,True
"Bbzinho Helton S. Furlan, a CASA DA BEBIDA vai fazer do nosso reveillon muito mais alegre em todos os sentidos com a Vodka Grey Goose, vamos poder comemorar atÃ© 2012 chegar em grande estilo!!! Obrigada Casa da Bebida!!!!",2.0,positive,positive,positive,True
Smirnoff,1.0,neutral,neutral,neutral,True
iradoooooo,2.0,positive,negative,negative,True
E isso ai minha amiga Deus abenÃ§oe vcs e boa vendas,2.0,positive,positive,positive,True
"Essa Ã© top, tenho em casa, comprei em Paraty",2.0,positive,positive,positive,True
Eu quero hummmmmm,2.0,positive,neutral,neutral,True
Opa eu queroğŸ˜,2.0,positive,positive,positive,True
Alexsandra HÃ©lio,1.0,neutral,neutral,neutral,False
Onde posso encontrar esses produtos????,1.0,neutral,negative,neutral,True
Onde compro aqui em franca,1.0,neutral,neutral,neutral,True
CachaÃ§a jambu vc toma uma evai,1.0,neutral,negative,negative,True
CÃ©lio Barbosa,1.0,neutral,neutral,neutral,True
"Gostaria muito de ganhar a cachaÃ§a  Flor de Salinas, nÃ£o vai esquecer !!!!!",2.0,positive,positive,positive,True
Eu quero manda pra min  !!!,2.0,positive,negative,neutral,True
Quero ganhar,2.0,positive,positive,positive,True
Qual o preco dessa cachaÃ§as e como eu faÃ§o pra comprar,1.0,neutral,negative,neutral,False
CachaÃ§a de salinas puro nÃ©ctar rsrsrsrsrs !!!!,2.0,positive,positive,positive,True
Israel Costa,1.0,neutral,neutral,neutral,False
Eu quero,2.0,positive,neutral,neutral,True
"Pode colocar meu nome aÃ­ no sorteio 
Porque sou um apreciador de uma boa cachaÃ§a  (SÃ£o Mateus sp)",2.0,positive,neutral,positive,True
"NÃ£o bebo e nÃ£o fumo mas gostaria de ganhar para saudar meus amigos ,,,,,",1.0,neutral,positive,positive,True
Umburana de cheiro   arvore do serado brasileiro coisa boa pro cachaceiro,2.0,positive,positive,positive,True
Essa e da boa,2.0,positive,positive,positive,True
ainda nÃ£o experimentei parece ser boa de cachaÃ§a eu entendo um pouco,1.0,neutral,neutral,neutral,True
"Quero experimentar , deve ser muito boa",2.0,positive,positive,positive,True
Maurici,1.0,neutral,neutral,neutral,False
Eu quero  boa cachaÃ§a,2.0,positive,positive,positive,True
"olÃ¡, gostaria de comprar 4 livros para dar de presente mas o site nÃ£o aceita esta quantidade, como fazer?",1.0,neutral,negative,negative,True
Viva!!!ğŸ‰ğŸ‰ğŸ‰ğŸ‘ğŸ‘ğŸ‘,2.0,positive,positive,positive,True
"Linda histÃ³ria e evoluÃ§Ã£o! Que Deus continue a abenÃ§oar este projeto! CachaÃ§a de qualidade, orgulho do Brasil!",2.0,positive,positive,positive,True
Onde encontro? Quero provar uma de cada Tipo ğŸ»,1.0,neutral,neutral,neutral,False
Lindo!! Parece  uma pintura.,2.0,positive,positive,positive,True
ğŸ• Massa!,2.0,positive,positive,positive,True
Que lindo,2.0,positive,positive,positive,True
Ela Ã© datada? Tem 6 de janeiro?,1.0,neutral,neutral,negative,True
"Essa histÃ³ria merecia um documentÃ¡rio!
ParabÃ©ns ao aniversariante!!ğŸ¥‚ğŸ‘ğŸ˜˜",2.0,positive,positive,positive,True
"Felicidades e saÃºde sempre , Tio Moacir",2.0,positive,positive,positive,True
"Posso falar  com  categoria ,vocÃª cada dia mais simpÃ¡tico e elegante. Como sou  matuta e  bonitoso. 
Dono da  SanhaÃ§u nÃ£o  pode deixar cair a peteca. Mantenha-se atualizado, charmoso Ã© sorridente.",2.0,positive,positive,positive,True
ParabÃ©ns e muitas felicidades!,2.0,positive,positive,positive,True
O governo que mais destruiu nossa Amazonia e vcs da @sanhacu presenteando como se eles fossem defensores da natureza. SanhaÃ§u nunca mais.,0.0,negative,negative,negative,True
Que show  !!!,2.0,positive,positive,positive,True
ParabÃ©ns!,2.0,positive,positive,positive,True
ParabÃ©ns e muitas felicidades!,2.0,positive,positive,positive,True
ParabÃ©ns,2.0,positive,positive,positive,True
Fala em cachaÃ§a meu aniversÃ¡rio foi dia 23 eu estou com grande resaca  ainda kkkkkk,2.0,positive,negative,negative,True
Quero provÃ¡ ğŸ˜˜,2.0,positive,positive,positive,True
Carvalho?,1.0,neutral,neutral,neutral,True
ğŸ‘¨â€ğŸš€,1.0,neutral,neutral,neutral,False
"Mandei um e-mail para a SanhaÃ§u, jÃ¡ deve ter umas duas semanas e atÃ© hoje nÃ£o fui respondido.",0.0,negative,negative,negative,True
Eita jÃ¡ tomei essa na fonte â›²ï¸ ğŸ¥‚ğŸ¥‚ğŸ¥‚,2.0,positive,positive,positive,True
Adorooooo,2.0,positive,positive,positive,True
Viva !!!,2.0,positive,positive,positive,True
"Elk SanhaÃ§u
â›¾â›¾â›¾ğŸºğŸºğŸº",1.0,neutral,negative,neutral,True
ParabÃ©ns Equipe SanhaÃ§u!,2.0,positive,positive,positive,True
Deuzi Adesivos de Unha...,1.0,neutral,neutral,neutral,True
AÃªÃªÃªÃªÃªÃªÃªÃª  !!!,2.0,positive,negative,negative,False
ğŸ¤©ğŸŒ¹,2.0,positive,positive,positive,False
ğŸ‘ğŸ‘ğŸ‘ğŸ‘ğŸ‘â™¥ï¸,2.0,positive,positive,positive,True
Huuummmm!!,2.0,positive,neutral,neutral,False
Rapaz coisa boa!!!!,2.0,positive,positive,positive,True
Sucesso,2.0,positive,positive,positive,True
ğŸ‘ğŸ‘ğŸ‘ğŸ‘ğŸ‘,2.0,positive,positive,positive,True
Chique,2.0,positive,neutral,neutral,True
Chique,2.0,positive,neutral,neutral,True
SUCESSO FAMÃLIA  SANHAÃ‡U,2.0,positive,neutral,positive,False
Por +empresas assim para um mundo melhor!,2.0,positive,positive,positive,True
Que legal!!! Amei...,2.0,positive,positive,positive,True
Eita que deu vontade de provar,2.0,positive,positive,positive,True
"Quando eu for a Pernambuco, vou conhecer o restaurante.  A SANHAÃ‡U jÃ¡ conheÃ§o e recomendo.ğŸ˜",2.0,positive,positive,positive,True
E profissional. ğŸ¤—ğŸ¤—ğŸ¤—,2.0,positive,positive,positive,True
Preciso agendar para visitar a sanhaÃ§u?,1.0,neutral,neutral,positive,True
Uhuuuuuu!,2.0,positive,negative,positive,False
"Alfredo Vieira, Angelica Uchoa Ferraz",1.0,neutral,neutral,neutral,False
"Feliz Natal Elke, pra toda sua familia! Familia linda!!!! Amei conhecer vocÃªs!!!!",2.0,positive,positive,positive,True
Isso Ã© sÃ³ o comeÃ§o! ParabÃ©ns pela 1a. exportaÃ§Ã£o de amor destilado com cheiro de cachaÃ§a.ğŸ˜,2.0,positive,positive,positive,True
Valeu JoÃ£o ParabÃ©ns sucesso,2.0,positive,positive,positive,True
"A ParaÃ­ba, na regiÃ£o de Alagoa Grande e Campina Grande, etc. possui tambÃ©m excelentes e premiadas aguardentes!",2.0,positive,positive,positive,True
Bem haja,1.0,neutral,positive,neutral,True
"Daniela, bora?",1.0,neutral,neutral,neutral,True
"Iris Ribeiro Almeida, Lais Ribeiro, Elen Ribeiro, mostrem para tia Ida",1.0,neutral,neutral,neutral,True
Thifani Estelita,1.0,neutral,neutral,neutral,False
"Pois Ã© amigo AndrÃ© Bueno Andreta, essa nossa cachaÃ§a SanhaÃ§u - cachaÃ§a orgÃ¢nica produzida pela famÃ­lia de Elk SanhaÃ§u podemos afirmar sem dÃºvidas que Ã© a melhor cachaÃ§a de Pernambuco. ConheÃ§o o engenho, e mais ainda, a cachaÃ§a. Um abraÃ§o.",2.0,positive,positive,positive,True
Vdd,1.0,neutral,negative,neutral,False
Que lindo!,2.0,positive,positive,positive,True
Qualidade top 10. Excelente cachaÃ§a!â™¥,2.0,positive,positive,positive,True
ParabÃ©ns!!!,2.0,positive,positive,positive,True
ParabÃ©ns a todos!,2.0,positive,positive,positive,True
Paulo Gomes,1.0,neutral,neutral,neutral,False
Sigo o voto do relator!!,1.0,neutral,positive,positive,True
ParabÃ©ns!!,2.0,positive,positive,positive,True
Muito bom poder fazer parte dessa equipe.  Show de aula,2.0,positive,positive,positive,True
FantÃ¡stico lindo.,2.0,positive,positive,positive,True
"Regina Avance, SanhaÃ§u Ã© um pouquinho de Pernambuco que fica engarrafado para a gente apreciar onde quiser.

Agora, Toda vez que vc tiver saudades, mas nÃ£o estiver aqui, terÃ¡ a opÃ§Ã£o de buscar SanhaÃ§u pertinho.",1.0,neutral,neutral,positive,True
Vamos combinar,1.0,neutral,neutral,neutral,True
Participando e torcendo !,2.0,positive,positive,positive,True
ParabÃ©ns! o meio ambiente agradece.,2.0,positive,positive,positive,True
Saudade de vocÃªs!!!!!!,2.0,positive,positive,positive,True
Adorei a visita de vocÃªsss!!!!!! AmanhÃ£ as fotos vÃªm pro Ã¡lbum! Aguardem!!!,2.0,positive,positive,positive,True
"Amigo onde posso comprar esse copo lindo, tem um amigo que coleciona e ficou encantado.",2.0,positive,positive,positive,True
"Germana Uchoa, Ã© dessa que eu falei....",1.0,neutral,positive,neutral,True
Muito Bom,2.0,positive,positive,positive,True
nÃ£o  gosto  de  bebidas    com    alco   mais  tem  muitas  outras    coisas  saborosas    o  licor  o   muss   a  raspadura  o mel de engenho  sanhaÃ§u   e  a  cachaÃ§a   tanbÃ©m   para quem    gosta  tudo de bom  tem  amei  visitar  o  engenho  e  lindo,2.0,positive,neutral,positive,True
Eu tenho. Ã‰ um espetÃ¡culo.,2.0,positive,neutral,positive,True
Que maravilha!,2.0,positive,positive,positive,True
"Professora Socorro Lopes, Marcos Barros de Medeiros, Belarmino Mariano Neto, Carlos Belarmino, Juliana Alves, Cristina Ferreira",1.0,neutral,neutral,neutral,False
"Eu quero!!! TÃ¡ na casa de Teresa Alonso, Ã©?!?!?!",2.0,positive,positive,negative,True
"Hummmmmmmmmmmm, bacalhau !",1.0,neutral,negative,positive,True
Uma das melhores do Brasil!!!,2.0,positive,positive,positive,True
Elk Barreto usa colar PatrÃ­cia Moura Biojoias,1.0,neutral,neutral,positive,True
Vai faltar doce nesse mundo!,1.0,neutral,negative,positive,True
falÃ´!!,1.0,neutral,negative,negative,True
atÃ© o dia 14,1.0,neutral,neutral,neutral,True
CachaÃ§a orgÃ¢nica deve ser bem deliciosa.,2.0,positive,positive,positive,True
OxÃ© cachaÃ§a gostosa danada...,2.0,positive,negative,negative,True
"ParabÃ©ns a essa grande empresa que tive o prazer em conhecer e tambÃ©m a admirar pelo o trabalho de qualidade que eles desenvolvem, alÃ©m do excelente antendimento, sÃ£o detalhes assim que faz o crescimento e sucesso..",2.0,positive,positive,positive,True
Opa bom presente,2.0,positive,positive,positive,False
Excelente presente.,2.0,positive,positive,positive,True
Essas sim,2.0,positive,neutral,positive,True
Como comprar e o valor,1.0,neutral,neutral,neutral,True
Dina Souza,1.0,neutral,neutral,neutral,False
Olha Tst Pereira,1.0,neutral,neutral,neutral,False
Gostoso ameiğŸ˜‹ğŸ˜‹,2.0,positive,positive,positive,True
Katia Rocha ğŸ˜‚ sera??,2.0,positive,positive,neutral,True
Jessika Paula,1.0,neutral,neutral,neutral,False
Ã‰ hoje,1.0,neutral,neutral,neutral,False
https://youtu.be/aabRaJGcEm4,1.0,neutral,neutral,negative,False
https://youtu.be/aabRaJGcEm4,1.0,neutral,neutral,neutral,False
Um luxo,2.0,positive,neutral,neutral,True
Aline Dourado SÃ³ deixou saudades... :-(,0.0,negative,negative,negative,True
Nossa Ja quero ğŸ˜ğŸ˜,2.0,positive,positive,positive,True
EdiÃ§Ã£o Especial?,1.0,neutral,neutral,neutral,True
Luckas Pedroso,1.0,neutral,neutral,neutral,False
Elenice Inhaia Alessandro Carvalho Claito Inhaia kkkkkk pra vc nice,1.0,neutral,neutral,positive,True
Jean Torres Jose Nepomuceno,1.0,neutral,neutral,neutral,False
"Matheus Alexander, Gabby Ferreira, Muriel Anthony Sallys",1.0,neutral,neutral,neutral,False
Patricia Barbanera Paulo Costa Guilherme Zangirolamo,1.0,neutral,neutral,neutral,False
Tiago Silva TiagÃ£o,1.0,neutral,neutral,neutral,False
essa e das minhas,2.0,positive,neutral,neutral,True
Tenho tds!!!,2.0,positive,negative,positive,True
"Caraca! CachaÃ§a Velho Barreiro Ã© tÃ£o boa que os caras consomem atÃ© no exterior. Melhor que estas porcarias de Skol Beats, e outras que existem por aÃ­. (Y)",2.0,positive,positive,positive,True
"Muito boa heim, pena q e difÃ­cil encontrar.",2.0,positive,neutral,positive,True
Cassiel Araujo,1.0,neutral,neutral,neutral,True
"Por que ""composta""?",1.0,neutral,negative,neutral,True
E vem pra nois que hj e sexta aooww,2.0,positive,negative,neutral,False
"Taca cachaÃ§a pra nÃ³s!!! Faz chover pinga do cÃ©u!! ğŸ¶ğŸ¶ğŸ¶AÃªÃªÃª VELHO BARREIRO, parabÃ©ns!!!! 
https://m.youtube.com/user/musicavelhobarreiro",2.0,positive,positive,positive,True
Evandro Giannico Guilherme Costa Ricardo Kenji Brucelee Machida,1.0,neutral,neutral,neutral,True
"Se voces quiserem, podem personalizar o rÃ³tulo e brindar clientes e amigos. Bacana nÃ©?",2.0,positive,positive,positive,True
QUE BOM CACHAÃ‡A KKKK,2.0,positive,negative,negative,True
Celia Nogueira....dica!,1.0,neutral,negative,positive,True
Vem Elisangela Costa Geissy Pinheiro Cintia Dewes Sandra M Xavier Denise B. Xavier Raquel Rocha Sueli Sula Silveira,1.0,neutral,neutral,neutral,False
ParabÃ©ns!,2.0,positive,positive,positive,True
"Veja bem...se quiser descartar mais alguma, pode descartar lÃ¡ em casa!!!!!kkkkkkkkkkk",2.0,positive,negative,negative,True
Essa Ã© sergipana!!! Kkkk,1.0,neutral,positive,positive,True
Amo...,2.0,positive,positive,positive,True
E o seu hein  kkkkkkkkkkkkkkk.,1.0,neutral,negative,negative,True
Opa mais uma data a comemorar Dia Mundial da Filosofia!,2.0,positive,positive,positive,True
http://www.cachacaepresente.com.br/9-92--cachaca-da-tulha-ouro-carvalho-750-ml---00088c.php,1.0,neutral,neutral,neutral,False
"Maisa Lechado...eu quero, compra pra gente...bjs",2.0,positive,negative,positive,True
Ricardo Pozzato FranÃ§a e Leandro Rai essa Ã© da boa?,1.0,neutral,positive,positive,True
"Quando eu chegar, vai ter?",1.0,neutral,neutral,neutral,True
"Eu Sandra, tambÃ©m!",1.0,neutral,neutral,neutral,True
Obrigada amiga!,2.0,positive,positive,positive,True
Ai ai ai...,1.0,neutral,negative,neutral,False
Quero ganhar o Kit CachaÃ§a da INOX que a CachaÃ§a Ã© Presente estÃ¡ sorteando!,1.0,neutral,positive,positive,True
kkkkkkkkkkkkkkkkk,1.0,neutral,negative,neutral,False
Sonho,2.0,positive,neutral,neutral,True
Ã‰ aberto para visitas?,1.0,neutral,neutral,neutral,True
pode descer do carro e entrar na loja ?,1.0,neutral,neutral,neutral,False
Sou um grande apreciador dessa cabarÃ© kkk,1.0,neutral,positive,positive,True
Queria que tivesse uma no Rio Grande do Sul.â˜ºï¸ğŸ˜,2.0,positive,positive,positive,True
Eita atÃ© que gosto . Perdi .,2.0,positive,negative,negative,True
Andrea Bastianello Penteado,1.0,neutral,neutral,neutral,True
Sucesso cada dia mais com Leonardo parceria de sucesso sempre ğŸ‘ğŸ‘,2.0,positive,positive,positive,True
ğŸ‘ğŸ‘ğŸ‘ğŸ‘,2.0,positive,positive,positive,False
Bom demais ğŸ˜,2.0,positive,positive,positive,True
LindÃ£o amoo muito esse bb da tia kkkkkkkkkkk,2.0,positive,positive,positive,True
NÃ£o percoğŸ‘â¤,2.0,positive,positive,neutral,True
Lisandragilson Silva  nosso BB lindo â¤ï¸ğŸ¥°,2.0,positive,positive,positive,True
Keyla Fontes Pellegri ğŸ¤©ğŸ¤©,1.0,neutral,positive,positive,True
Meu presente de aniversÃ¡rio 41 anosâ¤,2.0,positive,positive,positive,True
Cristina Da Silva Caetano  prepara a cachaÃ§a,1.0,neutral,neutral,positive,True
"Eu nÃ£o bebo , mas nessa eu vo LetÃ­cia Silva , a Ãºltima foi de arrasta o chifre no asfalto !",2.0,positive,negative,positive,True
Thaynnara Naves,1.0,neutral,neutral,neutral,False
"O bicho vai pegar ,vania batista kkkk",2.0,positive,negative,negative,True
Que presente pra quem faz aniversÃ¡rio nesse dia,2.0,positive,neutral,neutral,True
Kariely  putzzzzzzz,0.0,negative,negative,positive,False
Alcimar Cavassani,1.0,neutral,neutral,neutral,True
TÃ¡ muito bonito saudade ğŸ˜˜ğŸ¤©,2.0,positive,positive,positive,True
Faltou o Eduardo Costa ğŸ¤”ğŸ˜¡,1.0,neutral,negative,negative,True
TambÃ©m acho amo vocÃªs. Mais faltou Eduardo Costa. VocÃªs sÃ£o todos unidos pela mÃºsica mais falta o Dudu ai.ğŸ˜˜ğŸ˜˜,2.0,positive,positive,positive,True
"ParabÃ©ns  3 duplas  fera,  amo Leonardo meu Ã­dolos",2.0,positive,positive,positive,True
Vai ser MT boa mas faltou Eduardo Costa,1.0,neutral,negative,negative,True
Opa ğŸ‘ğŸ‘ top emmmmğŸ‘ğŸ‘,2.0,positive,positive,positive,True
AÃ­ virou um alambique vÃ£o Bieber atÃ© cair,1.0,neutral,negative,negative,True
SÃ³ faltou o Gustavo Lima pra completar o time ğŸ‘ğŸ»ğŸ‘ğŸ»ğŸ‘ğŸ»,1.0,neutral,positive,positive,True
"Faltou o Embaixador, FALAAA  bb... Ahhh mulekeeee,,, essa vai ser de tirar o lenÃ§ol do Fantasma ğŸ‘»ğŸ‘»ğŸ¤£ğŸ¤£ğŸ¤£ğŸ¤£ğŸ¤£ğŸ˜, prepara o barril de #CabarÃ©, Imbaixador trÃ¡s a Pitu,pra tirar o lenÃ§ol do Fantasma ğŸ‘»ğŸ¤£ğŸ¤£ğŸ¤£ğŸ¤£ğŸ˜",1.0,neutral,positive,positive,True
"Agora o time melhorou, sem eduardo costa, o monstrinho .",1.0,neutral,negative,negative,True
"Leonardo, a mÃºsica "" cai na real"" Ã©  Um sucesso inesquecÃ­vel, seu e de Leandro.",2.0,positive,positive,positive,True
NÃ£o vou perder por nada desse mundo ğŸ˜„ğŸ‘ğŸ‘ğŸ‘,2.0,positive,positive,positive,True
TÃ¡ perfeito ..este seu convidado  que canta muito como vc leo,2.0,positive,neutral,positive,True
O que aconteceu com o Leonardo e o Gusttavo lima,1.0,neutral,neutral,negative,True
Eita meu indolo deus te abenÃ§oe ir todos que estever au seu lado lonardo vocÃª. Seus amigos tenlha uma linda abensuada tarde te adoro B,2.0,positive,negative,positive,True
Ae Eduardo eu acho ele legal mas nao foi comsigo nunca foi mas ele uma pessoa boa leva muito de brigar nao gosto cazal pra viver bem temke ser Indio tudo de bom pra ele boa tarde pra voces todos ai,1.0,neutral,neutral,negative,True
Tenho todos o dvd desde o primeiro queria devolver a ele,1.0,neutral,negative,negative,True
#Eduardo Costa  # Leonardo se nÃ£o tive fica desproporcional do rei da cachaÃ§a,2.0,positive,negative,negative,True
Faltou Eduardo Costa tambÃ©m LÃ©o,1.0,neutral,negative,negative,True
E a Live com o Gustavo Lima ?,1.0,neutral,neutral,neutral,True
"Ixxiiiii, agora fodeu tudo. Adeus aos meu fÃ­gado.",2.0,positive,negative,negative,True
Bom de mais ai eu bebo todas nÃ©,2.0,positive,negative,positive,True
Nesta meu figo ta morto,0.0,negative,negative,negative,True
Eu tambÃ©m  quero muito,2.0,positive,positive,positive,True
"Gostaria que fosse Leonardo Ã© Gustavo lima ,ia ser top",1.0,neutral,negative,positive,True
Faltou Gustavo Lima e Eduardo Costa,1.0,neutral,negative,negative,True
Obaaaaaa â™¥ï¸â™¥ï¸,2.0,positive,positive,neutral,True
FabrÃ­cio Vasconcellos,1.0,neutral,neutral,neutral,True
Juliana Cunha haha,1.0,neutral,neutral,neutral,True
NÃ£o perco por nadaaa,2.0,positive,negative,negative,True
Aff Maria nem vai ser bom ne,0.0,negative,negative,negative,True
Sou fÃ£ de todos vcs,2.0,positive,positive,positive,True
E ruim,0.0,negative,negative,negative,True
Claudia Toledo,1.0,neutral,neutral,neutral,False
"Eita meu Deus!  sÃ³   Ã© Fera do Sertanejo  ,vai ser bom dimais, amo vcs meus LINDOS, PRINCIPALMENTE  VC  LEOâ¤â¤",2.0,positive,positive,positive,True
Cris Soares,1.0,neutral,neutral,neutral,True
ğŸ‘ğŸ‘ğŸ‘ğŸ‘ğŸ‘ğŸ‘,2.0,positive,positive,positive,True
Estou dentro.ğŸ¤—ğŸ™ŒğŸ¼ğŸ˜˜,1.0,neutral,positive,positive,True
Cidinha Campos,1.0,neutral,neutral,neutral,True
SÃ³ falta o Gustavo Lima ğŸ‘ğŸ»ğŸ‘ğŸ»ğŸ‘ğŸ»ğŸ‘ğŸ»,2.0,positive,positive,positive,True
Jesus,1.0,neutral,neutral,neutral,False
Boa tarde Deus,2.0,positive,neutral,neutral,True
Kkkkkkk,1.0,neutral,negative,neutral,False
Olha Rita Azevedo,1.0,neutral,negative,neutral,True
Marcos Rafael,1.0,neutral,neutral,neutral,False
Simone Bueno Coelho,1.0,neutral,neutral,neutral,False
Deisi N Noa,1.0,neutral,neutral,neutral,False
Top,2.0,positive,neutral,positive,True
"Vai anotando. Que o dia que for pra lÃ¡, trarei todas",2.0,positive,positive,positive,True
Eu adoro essa garrafinha,2.0,positive,positive,positive,True
Qual o valor?,1.0,neutral,neutral,neutral,True
Helio X FlÃ¡via Jheniffer Leonardo Wilson Mendes,1.0,neutral,neutral,neutral,False
Exemplo de famÃ­lia ğŸ¤—,2.0,positive,positive,neutral,True
Top queria uma cabarÃ©,2.0,positive,neutral,positive,True
Essa Ã© top demais !,2.0,positive,negative,positive,True
Lauziane Ramos. Olha. Isso. TÃ¡ igual. Eu. !!  ğŸ˜‚ğŸ˜‚,2.0,positive,positive,positive,True
Cezar Costa,1.0,neutral,neutral,neutral,True
Cacau uma delicia tambÃ©m,2.0,positive,positive,positive,True
PreÃ§o,1.0,neutral,neutral,neutral,False
Eu quero esta garafinha ela Ã© muito linda abraÃ§o,2.0,positive,positive,positive,True
Mas que garrafa linda adorei esta garrafinha abraÃ§o,2.0,positive,positive,positive,True
Melhor cantor do Brasil,2.0,positive,positive,positive,True
Qual o valor?,1.0,neutral,neutral,neutral,True
Parabens!!!!!,2.0,positive,positive,positive,True
Lindoooo dimais,2.0,positive,positive,positive,True
SÃ³  compro  a cachaÃ§a.se vim vocÃª  Ã© o Eduardo  Costa  kkkkkk,2.0,positive,negative,neutral,True
Marina Cristina,1.0,neutral,neutral,neutral,True
Ufaa. AÃ­ sim heim,2.0,positive,negative,positive,True
Oi bom,1.0,neutral,neutral,positive,False
Adoro lindoooooooo!!!,2.0,positive,positive,positive,True
Gosto da pitu cachaÃ§a melhor do Brasil,2.0,positive,positive,positive,True
um luxo,2.0,positive,neutral,positive,True
Eduardo Silva Lima,1.0,neutral,neutral,neutral,False
Olha isso Leandro Andrade nao quero mais ovo de pascoa so quero esse kit kkkkkk,2.0,positive,negative,positive,True
QuÃª grades camtoresdesusesovoseis SÃ£o demuitoquerido,2.0,positive,negative,negative,False
LÃ©o e Edu ...quero d presente esse Kit CabarÃ© autografado...vou amar o melhor presente da minha vida ...sou fÃ£ antiga do LÃ©o desde a dupla com o Leandro...amor antigo ...e atravÃ©s do LÃ©o sou fÃ£ do Edu tbm ...vcs arrasam com o Show CabarÃ©...lindos amo vcs,2.0,positive,positive,positive,True
Eu tambÃ©m quero cachaÃ§a Boa,1.0,neutral,positive,positive,True
Lindo quero tambÃ©m,2.0,positive,positive,positive,True
"Boa tarde ..
meu amores",1.0,neutral,positive,neutral,True
Meus amores eu quero,2.0,positive,positive,positive,True
Eu quero,2.0,positive,neutral,neutral,True
Voces dois fazem uma dupla espetacular,2.0,positive,positive,positive,True
Lindos,2.0,positive,positive,positive,True
Lindo tiamo sÃ³ apaxonada   pÃ³ vocÃª meu lindo,2.0,positive,positive,positive,True
AÃ­ sim vai mostrar pra turma em araras hem,2.0,positive,negative,positive,True
Adriano Rinalti,1.0,neutral,neutral,neutral,False
ğŸ‘ğŸ‘ğŸ‘ğŸ‘ğŸ‘ğŸ‘ğŸ‘ğŸ‘,2.0,positive,positive,positive,True
Volta esta promoÃ§Ã£o pessoal...,2.0,positive,neutral,neutral,True
GraÃ§as a Deus,1.0,neutral,positive,neutral,True
Quero o meu ğŸ’“Carlos JanetağŸ˜±ğŸ˜±ğŸ˜ğŸ˜ğŸ˜ğŸ˜,1.0,neutral,positive,positive,True
Alessandra Almeida â¤,2.0,positive,positive,positive,True
Renata Nunes,1.0,neutral,neutral,neutral,False
Maiara OliveirağŸ˜,1.0,neutral,positive,positive,True
"Silvia GonÃ§alves Fran GonÃ§alves jÃ¡ quero
Hahahaha",2.0,positive,positive,neutral,True
Olha mor Joaovictor eu quero,2.0,positive,negative,negative,True
Luciana Vitoria Ã©  disso que a gente precisa ğŸ˜ğŸ˜‚ğŸ˜‚ğŸ˜‚ licor da Maiara e Maraisa ğŸ˜‚ğŸ˜‚,1.0,neutral,positive,positive,True
Valeska Valadao eu quero um desse ğŸ˜ğŸ˜,2.0,positive,positive,positive,True
Olha isso Ricardo Souza,1.0,neutral,negative,neutral,False
Eu quero,2.0,positive,neutral,neutral,True
Caroline Favaro,1.0,neutral,neutral,neutral,False
Olha Jefferson Oliveira eu quero ğŸ˜»ğŸ˜»ğŸ˜»ğŸ˜»ğŸ˜»,2.0,positive,positive,positive,True
K ridÃ­culo kkk kkk kkk sÃ³ mesmo no Brasil. Mais uns dias elas vÃ£o lanÃ§ar  preservativos com nome delas kkk kkk kkk kkk kkk . Aqui no Brasil basta cantar umas mÃºsicas e logo ficam famosas e o povo brasileiro ficam babando com tudo que alguns famosos vendem kkk kkk kkk kkk kkk kkk kkk kkk kkk kkk kkk kkk kkk kkk kkk kkk kkk,0.0,negative,negative,negative,True
Paulo Costa,1.0,neutral,neutral,neutral,True
Celson JuniorğŸ˜ğŸ˜ğŸ˜ğŸ˜ğŸ˜,2.0,positive,positive,positive,True
BÃ¡rbara Pradela! Olha essssoooo,1.0,neutral,positive,positive,True
Thaynara Lima,1.0,neutral,neutral,neutral,False
Sibele Corbo Gutierres,1.0,neutral,neutral,neutral,False
Daniela Borba,1.0,neutral,neutral,neutral,False
Liliane Otto,1.0,neutral,neutral,neutral,False
Liliane Sousa e Leilane Souza bota fazer vaquinha pra comprar um desse ?,1.0,neutral,negative,neutral,True
Isabella Gomes Nicole Oliveira,1.0,neutral,neutral,neutral,False
Ruann Oliveira querooooooooo,2.0,positive,positive,neutral,True
Erica Pieretti,1.0,neutral,neutral,neutral,False
Mileiny Tayna,1.0,neutral,neutral,neutral,False
E quando vou ganhar o meu De presente Gustavo MagalhÃ£es?,1.0,neutral,neutral,neutral,True
"Olha que chique, Ana Ana LetÃ­cia TÃ¡paro Conegundes",2.0,positive,neutral,positive,True
Eu quero um mais lindo #Leonardo#eduardocosta,2.0,positive,positive,positive,True
NÃ£o  ouvi que pena.,1.0,neutral,negative,negative,True
Lindo,2.0,positive,positive,positive,True
Lindos os dois,2.0,positive,positive,positive,True
Ivone Silva!!!,1.0,neutral,positive,positive,True
Adoro,2.0,positive,positive,positive,True
MÃºsica boa,2.0,positive,positive,positive,True
Eu quero,2.0,positive,neutral,neutral,True
jÃ¡ comprei o cabarÃ© ok,1.0,neutral,neutral,positive,True
Leo manda aÃ­ uma pra mimğŸ’‹ğŸ’‹ğŸ’‹ğŸ’‹ğŸ’‹ğŸ’‹ğŸ’‹,1.0,neutral,negative,positive,True
"Esta dupla Ã© demais, amo vocÃªs.",2.0,positive,positive,positive,True
Eu quero,2.0,positive,neutral,neutral,True
Oi,1.0,neutral,neutral,neutral,False
"Dificilmente eu ter inveja,mais viver do jeito desses dois....eu cantaria pro resto da vida,rsrs, vamos q vamos.",2.0,positive,positive,positive,True
Prefiro vocÃª cantando,2.0,positive,positive,positive,True
Sera q ele esta injetando a cachaÃ§a no rosto ! Ta igual um boneco inflavel!,0.0,negative,negative,negative,True
Deve custar mais caro que um Blue...,0.0,negative,neutral,negative,True
Ainda nÃ£o  conheÃ§o sÃ³ sinto a vontade de tomar um goli da marvada,2.0,positive,negative,positive,True
ManÃº Barbieri Priscila Pacheco precisamos beber isso kkkk,2.0,positive,negative,positive,True
Tyane Santos,1.0,neutral,neutral,neutral,False
JÃ¡ queroooo Debora Abreu Rafaela Albuquerque Larini Santos,2.0,positive,positive,neutral,True
RidÃ­culo,0.0,negative,negative,negative,True
Lucia Meres Araujo Lima,1.0,neutral,neutral,neutral,False
"Agora  ferrou de vez ,kkkk",1.0,neutral,negative,negative,True
Jefferson Alves Godoy Wanderson Moreira vamo pedir kkkkkkk,2.0,positive,negative,negative,True
Marelisa Zupirolli,1.0,neutral,negative,neutral,False
Olha ai Kamila Silva MÃ rcia Tavares vou comprar pra Nois kkk,2.0,positive,positive,positive,True
Cassia Barcelos me da um de Natal ? Por favooor ğŸ˜ğŸ˜ğŸ˜â¤,2.0,positive,positive,positive,True
Tiago Cavazzana,1.0,neutral,neutral,neutral,False
Mayara Thairiny,1.0,neutral,neutral,neutral,True
Lucas Rosado,1.0,neutral,neutral,neutral,True
Alexandre Zanqueta esse q tinha dito a vc!,1.0,neutral,negative,positive,True
genteeee kero Ana CrisÃ³stomo VictÃ³ria Sezara,1.0,neutral,negative,positive,False
"Fernanda Renesto e Marina Torregloza Ferreira se fossemos bem de vida, a gente ia tÃ¡ assim hahahahah",2.0,positive,positive,positive,True
Renner Muniz jÃ¡ quero kkk,2.0,positive,positive,positive,True
Bebo nao,1.0,neutral,negative,negative,True
Lindas bj adoro vcs,2.0,positive,positive,positive,True
Olha Fer Oliveira. JÃ¡ quero,2.0,positive,negative,positive,True
Vcs sÃ£o de mais gosto de Vcs muito muito muito,2.0,positive,negative,positive,True
Lara Scabora ThainÃ¡ Sauniti Mariana GregÃ³rio Luma Gandolfo Maira Gandolfi Lisa Valenciano Bortolozo NÃ¡dia Marques a cara de vocÃªs hahaha,1.0,neutral,positive,positive,True
Marcela Rocha,1.0,neutral,neutral,neutral,False
nÃ£o estÃ¡ disponivel pra compra ainda??,2.0,positive,negative,negative,True
Larissa Santos Ã©Ã©Ã©hhh,1.0,neutral,negative,neutral,True
Kero pro prÃ³ximo esquenta Giovanna Caneloi Paloma Reis Muniki Del Rio,2.0,positive,neutral,neutral,False
Essa MarÃ­lia MendonÃ§a Ã© um arraso kkkkkkkk ninguÃ©m vai bebÃª o meu . O meu eu vou bebÃª kkkkkkkkkkk amo de mais,2.0,positive,negative,positive,True
Tata Amancio na vida somos a Marilia ğŸ˜‚ğŸ˜‚ğŸ˜‚ğŸ˜‚,1.0,neutral,positive,positive,True
Alessandro Silvestre,1.0,neutral,neutral,neutral,False
Lindas.e.maravilhosas,2.0,positive,positive,positive,True
Drorriane Carvalho,1.0,neutral,neutral,neutral,False
Muito carÃ¡!,0.0,negative,negative,positive,True
Seus lindos,2.0,positive,positive,positive,True
AÃ­ o Elizabete Silva... hahahahha,1.0,neutral,negative,positive,True
Ai como eu as quero,2.0,positive,negative,positive,True
Hummmmm.....,1.0,neutral,neutral,neutral,True
O meu nome tambÃ©m!,1.0,neutral,neutral,neutral,True
Rodolfo Barbosa Adriano Hipolito Monica Meneses Patricia Silva Lygia FranÃ§a Marco Fontes Jessica Santos.......ESTOU ACEITANDO ESSE MARAVILHOSO PRESENTE.,2.0,positive,positive,positive,True
Segunda fileira debaixo Iara cima l terceiro copo,1.0,neutral,neutral,neutral,False
Kkkkk,1.0,neutral,negative,neutral,False
Como faso para adquirir ?,1.0,neutral,neutral,neutral,False
"Assino em baixo : De todos os nacionais que bebi, no mÃ­nimo, o mais honesto.",2.0,positive,positive,positive,True
Cida Bezerra se eu comprar vocÃª me ajuda a beber ğŸ˜,1.0,neutral,positive,positive,True
Aceito Ana Claudia Lesnik,1.0,neutral,positive,positive,True
"Eu vou querer experimentar, com certeza vou comprar",2.0,positive,positive,positive,True
Eu quero uma,2.0,positive,neutral,neutral,True
Estou esperando a minha chegar,1.0,neutral,neutral,positive,True
ParabÃ©ns pelo site!!!,2.0,positive,positive,positive,True
Sucesso e parabÃ©ns por ressaltar com tanta dignidade a qualidade de tudo q vcs produzem !,2.0,positive,positive,positive,True
ParabÃ©ns. Realmente a melhor cachaÃ§a que jÃ¡ pude degustar. Sucesso.,2.0,positive,positive,positive,True
a minha vai ter caipirinha a vontade......DOM TAPARO.......,2.0,positive,negative,positive,True
olha ai Franky Dias,1.0,neutral,neutral,neutral,False
Enteresei.,2.0,positive,negative,neutral,True
Felipe Moreira,1.0,neutral,neutral,neutral,False
Canarinha,1.0,neutral,neutral,neutral,False
Brejeira,1.0,neutral,negative,neutral,False
Valor? Entrega no Rio?,1.0,neutral,neutral,neutral,True
"JÃ¡ recebi e jÃ¡ tomei, muiiiito boa",2.0,positive,positive,positive,True
CampeÃ£ essa maravilha!!!,2.0,positive,positive,positive,True
Que linda garrafa. Olha isso Alice Santos Silveira,2.0,positive,positive,positive,True
Todas.,1.0,neutral,neutral,neutral,True
Daniel Vieira,1.0,neutral,neutral,neutral,False
Essa cachaÃ§a tem sobrenome  Filipe Oliveira Alexei Ramos  Ana K Sampaio,1.0,neutral,neutral,neutral,False
CachaÃ§a Cultura Mineira,1.0,neutral,neutral,neutral,True
CachaÃ§a bÃ´a tem que ser bebida   PURA   .... e  limpa sem coloraÃ§Ã£o ....   como sai do alambique ....,1.0,neutral,positive,positive,True
Caipirinha boa Ã© com a Companheira 48.,2.0,positive,positive,positive,True
ParabÃ©ns! Prosperidade!,2.0,positive,positive,positive,True
CachaÃ§a de Boa qualidade tem seu lugar .,2.0,positive,neutral,positive,True
"Claudionor
Piragibana
Salineira",1.0,neutral,neutral,neutral,False
"Uma das minhas preferidas ""SALINEIRA""",2.0,positive,positive,positive,True
Achei nome de tanta cachaÃ§a ae que nÃ£o vou nem falar se nÃ£o vÃ£o falar que sou cachaceiro kkk,1.0,neutral,positive,positive,True
"Se a cachaÃ§a Ã© mais alcoÃ³lica torresmo, caso contrario mandioca. Se for da branca, linguiÃ§a de pernil.",1.0,neutral,neutral,positive,True
"Muito boa, cheiro da cana e de engenho, com um leve sabor de amburana, na medida perfeita!:",2.0,positive,positive,positive,True
"Feliz natal, um prospero ano novo de paz, saÃºde e prosperidade ğŸ…",2.0,positive,positive,positive,True
GRANDE JOSÃ‰ ABÃ‡ COMPANHEIRO,2.0,positive,neutral,positive,True
CachaÃ§a do chefe.,1.0,neutral,negative,neutral,True
"CachaÃ§a do Chefe, jÃ¡ bebi e recomendo.",2.0,positive,positive,positive,True
Eu gosto com a JM ( JoÃ£o Mendes  ),2.0,positive,positive,positive,True
"Seleta
Salinas",1.0,neutral,neutral,neutral,True
Minhas JAPI chegaram hoje! Muito boa ğŸ‘ parabÃ©ns aos produtores.,2.0,positive,positive,positive,True
Maria Andante!,1.0,neutral,positive,neutral,True
Umburana...,1.0,neutral,neutral,neutral,True
Final do dia ta todo mundo doidÃ£o...hahahahaha,2.0,positive,positive,positive,True
Aquilo no palito Ã© uma barata?,0.0,negative,negative,negative,True
"JoÃ£o andante , agora virou andante",1.0,neutral,negative,neutral,True
Raiz...,1.0,neutral,neutral,neutral,True
CachaÃ§a e pop!,1.0,neutral,positive,positive,True
Mariele Liberato,1.0,neutral,neutral,neutral,True
Rota 48,1.0,neutral,neutral,neutral,False
"Ãgua Branca salinas, cachaÃ§a artesanal Carvalho, Umburana,Velho Barreiro .",1.0,neutral,neutral,neutral,False
"Vamos lÃ¡: Pura, Umburana, Cana, Coquinho, HortelÃ£. ğŸ˜†",1.0,neutral,neutral,positive,True
Muito boa essa cachaÃ§aria ..,2.0,positive,positive,positive,True
"Realmente, vem muito bem embalado! me surpreendeu quando meu pedido chegou. Super recomendo. ParabÃ©ns!",2.0,positive,positive,positive,True
Gostaria de registrar o excelente atendimento realizado pela equipe da CachaÃ§aria Nacional representada pela atendente Thais.ğŸ‘ğŸ‘ğŸ‘ğŸ‘,2.0,positive,positive,positive,True
Joel Antunes,1.0,neutral,neutral,neutral,False
Josue GonÃ§alves haha,1.0,neutral,neutral,neutral,True
"Essa deve ser boa, ainda melhor para dias frios.",2.0,positive,positive,positive,True
Jonas Gold,1.0,neutral,neutral,neutral,False
Onde comprar..,1.0,neutral,neutral,neutral,False
"Pingadinho's,  Tapiratiba sp",1.0,neutral,neutral,neutral,True
Ã‰ muita cana ğŸ¤·â€â™‚ï¸,1.0,neutral,neutral,neutral,True
Quem nÃ£o Ã© sÃ³cio pode comprar?,1.0,neutral,neutral,neutral,True
OlÃ¡ Rafael Felicidades pelo dia. ParabÃ©ns amigo... ğŸ‘ğŸ‘ğŸ‘ğŸ’¥âœŒ,2.0,positive,positive,positive,True
JÃ¡ tem na loja pra venda?,1.0,neutral,neutral,neutral,True
Maria Carolina.Karina Kalita.Kerima Katrini,1.0,neutral,negative,neutral,False
Muito bom eu jÃ¡  comi,2.0,positive,positive,positive,True
Jefferson Luis olhar ai,1.0,neutral,neutral,neutral,False
Izabela Hudson Miranda lembrei de vc,2.0,positive,neutral,positive,True
Carlos Nenem,1.0,neutral,neutral,neutral,True
Fernanda Eduardo Castro,1.0,neutral,neutral,neutral,False
Marildo Donizeti Grava,1.0,neutral,neutral,neutral,True
"FabrÃ­cio Campos
Yasmin Daniele",1.0,neutral,neutral,neutral,False
Paty Seri Esdras Alves,1.0,neutral,neutral,neutral,False
"Eliana Honorio, jeitinho diferente de cortar o abacaxi!!",1.0,neutral,positive,positive,True
Susiney Alves copiaram sua receita ğŸ¤£ sÃ³ mudou o jeito de cortar o abacaxi ğŸ¤£,1.0,neutral,negative,positive,True
AÃ­ Ã© top em irmÃ£o,2.0,positive,positive,positive,True
Ana Ghabryella,1.0,neutral,neutral,neutral,False
https://youtu.be/-u-_knAp3w8,1.0,neutral,negative,neutral,False
Marcela Telles,1.0,neutral,neutral,neutral,True
ğŸ‘ğŸ¤™ğŸ¼âœŒï¸ğŸ‘ğŸ½ğŸ‘ğŸ½ğŸ‘ğŸ¼ğŸ‘ğŸ¼ğŸ‘ğŸ¾,2.0,positive,positive,neutral,True
Dally Mtins,1.0,neutral,negative,neutral,False
Paloma Lima,1.0,neutral,neutral,neutral,False
Elaine Elem Sousa Oliveira,1.0,neutral,neutral,neutral,False
Jailson Avelino esse que tu tem que comer amor. Kkkkkkkkk,2.0,positive,positive,positive,True
Luiza tem um dia pra fazer suco do teu abacaxi ğŸ˜Œ,1.0,neutral,positive,positive,True
Leticia Rodrigues,1.0,neutral,neutral,neutral,False
"Jaqueline Loiola Silva Seabra
Maria Cecilia M. Seabra Seabra",1.0,neutral,neutral,neutral,False
Nilva Alves,1.0,neutral,neutral,neutral,False
Jessica Machado Ferreira vamos fazer kkkkkkk ğŸ¤—ğŸ™ˆ,1.0,neutral,positive,positive,True
Marcelo Fabbro,1.0,neutral,neutral,neutral,True
Igor Serafim Priscila GonÃ§alves Rodrigues Pereira esse vcs podem comer kkkk,1.0,neutral,negative,negative,True
Lidiane Meneses X Vandin olha isso ğŸ‘ğŸ½,2.0,positive,neutral,positive,True
Maiara Leal,1.0,neutral,neutral,neutral,True
Salete,1.0,neutral,negative,neutral,False
Leozao Bass,1.0,neutral,neutral,neutral,False
Viviane Ferreira GonÃ§alves,1.0,neutral,neutral,neutral,False
Geralda Coelho,1.0,neutral,neutral,neutral,False
Adilson Pistolato olha isso,1.0,neutral,negative,neutral,False
Vitoor Silvah,1.0,neutral,neutral,neutral,False
VinÃ­cius Pagy Ferreira,1.0,neutral,neutral,neutral,False
Ai Giro Forte,1.0,neutral,negative,neutral,True
Paula Reami,1.0,neutral,neutral,neutral,False
Aguinaldo Oliveira Fagner Lima Jailton Santos Ismael Silva Anderson Rodrigues Adriano Alves,1.0,neutral,neutral,neutral,False
Renato Braga Tais Braga Karina Martins,1.0,neutral,neutral,neutral,False
Jorge Alves CorrÃªa Junior,1.0,neutral,neutral,neutral,False
Ale AlÃª Lopes,1.0,neutral,negative,neutral,False
https://youtu.be/VogfaL3VK3c,1.0,neutral,neutral,positive,False
Onde  fica essa cachaÃ§aria,1.0,neutral,neutral,neutral,False
"CachaÃ§a, meditaÃ§Ã£o, Home office! Que balaio de gato Ã© esse?",0.0,negative,negative,negative,True
Show!!,2.0,positive,positive,positive,True
Essa eu tenho! Aguardando sair o prÃ³ximo lote,2.0,positive,positive,positive,True
Francisco Forte,1.0,neutral,neutral,neutral,True
AÃ­ sim,2.0,positive,neutral,neutral,True
OpÃ§Ã£o B!,1.0,neutral,neutral,positive,True
Eukaren Daniele Candido essa deve ser boa.,2.0,positive,neutral,positive,True
TÃªm sim,2.0,positive,neutral,positive,True
"Eu rio litros do Leonardo, e a vida toda foi isso kkkkk...ele abre a boca eu desmaio de rir...Kkkk. O Eduardo Costa Ã© um caso...ğŸ¤£ğŸ¤£ğŸ¤£ğŸ˜»ğŸ˜»ğŸ¤˜ğŸ¤˜ğŸ¤˜. Giselly",1.0,neutral,positive,positive,True
Ã“timas cachaÃ§as! ğŸ‘ğŸ»ğŸ‘ğŸ»,2.0,positive,positive,positive,True
Weber Haus Extra Premium Reserva Especial 6 Anos. A melhor cachaÃ§a que bebi. FantÃ¡stica.,2.0,positive,positive,positive,True
Vale verde  e clara a CachaÃ§a CLAUDIONOR...kkkk,1.0,neutral,positive,positive,True
"Marapuana , Catuaba e Carvalho 16 Anos  da Kruendo  de  Luiz Alves , SC ğŸ¤—",1.0,neutral,neutral,positive,True
bento albino prata,1.0,neutral,neutral,neutral,False
"51, Corote e a Raspa Goela!",1.0,neutral,positive,positive,True
"Na MacaÃºva Porto, fazemos com a About Brazil Silver, da Chapada Diamantina.",1.0,neutral,neutral,positive,False
"E boa sim , mas tem melhoras,",1.0,neutral,neutral,positive,True
Eu prefiro acompanhada dos amigos e misturada de boas estÃ³rias!!! SaÃºde...,1.0,neutral,positive,positive,True
Quero essa taÃ§a.,2.0,positive,positive,positive,True
"Uma das melhores cachaÃ§as que jÃ¡ tomei, mas exageram no preÃ§o.",1.0,neutral,neutral,positive,True
Uma garrafa de cachaÃ§a,1.0,neutral,neutral,neutral,False
Kkkkk,1.0,neutral,negative,neutral,False
Como faco adiquirir mas e pra consumo so meu,1.0,neutral,negative,positive,True
Bem boa!,2.0,positive,positive,positive,True
bom diaa,1.0,neutral,neutral,neutral,False
Que orgulho em ver o sucesso de vcs! ParabÃ©ns! Vcs merecem ! ğŸ‘ğŸ»ğŸ‘ğŸ»ğŸ‘ğŸ»,2.0,positive,positive,positive,True
Minha sidade natal ja trabalei comseu pai morava nas posi,2.0,positive,negative,neutral,True
Quer cobrir fala comigo,1.0,neutral,neutral,positive,True
Ai do lado da uma pista de       quarto de milha,1.0,neutral,negative,neutral,True
ğŸ‘ğŸ¼ğŸ‘ğŸ¼ğŸ‘ğŸ¼,2.0,positive,positive,positive,False
Canarinha,1.0,neutral,neutral,neutral,False
Deu Ã¡gua na boca,2.0,positive,positive,neutral,True
Pinga com um Carangueijo dentro.,1.0,neutral,negative,positive,True
Qual tempo ideal para fermemtar a garapa,1.0,neutral,neutral,neutral,True
To esperando chegar... comprei dia 13 e ainda nÃ£o enviaram pra transportadora...,0.0,negative,negative,negative,True
Estou sabe aonde tem cachacaria em Minas..faz uma visita,1.0,neutral,neutral,positive,True
Qual valor?,1.0,neutral,neutral,neutral,True
Elamark Gomes,1.0,neutral,neutral,neutral,False
Carlos Eduardo Mello Fonseca Fatima Soares Almir Mello Fonseca Fonseca vcs nÃ£o sÃ£o pessoas comuns! Kkk,2.0,positive,positive,positive,True
Ai sim deu Ã¡gua na boca ğŸ‘„ pena q tenho dimdim,2.0,positive,neutral,negative,True
"Princesa Isabel - Jaqueira
Ferreira JanuÃ¡ria - Reserva Especial Ouro",1.0,neutral,neutral,positive,True
"Hoje antes do almoÃ§o..
GogÃ³ da ema hahahaha nÃ£o sou bairrista",1.0,neutral,negative,neutral,True
Domingo dia dos pais Chico Mineiro ğŸ‘ğŸ‘ğŸ‘ğŸ‘,2.0,positive,positive,positive,True
"PitÃº no bar Pedra Pequena, SP",1.0,neutral,neutral,neutral,False
Weber Haus 7 anos,1.0,neutral,neutral,neutral,True
CabarÃ©...,1.0,neutral,neutral,neutral,True
Amanda Alice ğŸ¤¤,2.0,positive,neutral,neutral,True
"Bater no liquidificador por sete minutos? Caramba, muito tempo pra uma medida rala e pouca.",0.0,negative,negative,negative,True
Karine Martins Karlian Kaka jÃ¡ sei qual vai ser a prÃ³xima sobremesa,1.0,neutral,neutral,neutral,True
JÃºlio CÃ©sar JÃºlio CÃ©sar Correa Carvalho,1.0,neutral,neutral,neutral,False
"Eliani Saraiva
Eliani Saraiva",1.0,neutral,neutral,neutral,False
Faby Vasques Mesquita,1.0,neutral,neutral,neutral,False
Camila Fernanda,1.0,neutral,neutral,neutral,False
Danilo Cesar,1.0,neutral,neutral,neutral,False
show,2.0,positive,neutral,positive,False
tamo junto,2.0,positive,neutral,positive,True
"A utilizaÃ§Ã£o de chips Ã© proibido pelo ministÃ©rio da agricultura (Mapa). Quem estÃ¡ certo vocÃªs, a Sebastiana em propor, ou a CachaÃ§a Nacional em divulgar, ou Mapa? Segundo o Mapa, para ser classificada como Reserva ou Reserva especial, tem passar 3 anos em barris de madeira de atÃ© 700 litros e ter atributos diferenciados da cachaÃ§a envelhecida extra premium. SaÃºde!",1.0,neutral,negative,negative,True
Ã‰ de qual localidade,1.0,neutral,neutral,neutral,False
"Aprecio muito essa cachaÃ§a de qualidade  , Sebatiana Ã© top!",2.0,positive,positive,positive,True
"Bruna Oliveira, olha isso",1.0,neutral,negative,neutral,False
Defuntaria,1.0,neutral,negative,negative,True
Show,2.0,positive,neutral,neutral,False
Ana Cristina Batista sÃ³ tiro o caldo kinor .,1.0,neutral,negative,neutral,True
Vou fazer,2.0,positive,neutral,neutral,True
Severino Bezerra,1.0,neutral,neutral,neutral,False
sÃ³ pingaiada nÃ©,1.0,neutral,negative,negative,True
Carlos Carletto,1.0,neutral,neutral,neutral,False
Excelente!!!ğŸ‘ğŸ»ğŸ‘ğŸ»ğŸ‘ğŸ»,2.0,positive,positive,positive,True
"NÃ©ia Corazza, anota ai pra ceia",2.0,positive,neutral,positive,False
Pinga alambique 77 Guararema ist der beste den es in Brasilien gibt !!,2.0,positive,positive,positive,True
Ã‰ verdade Angela Maria? ğŸ˜‚ğŸ˜‚ğŸ˜‚ğŸ˜‚,2.0,positive,positive,neutral,True
"AÃ­ se besta sÃ´, tÃ´ cum Ã¡gua na boca, me manda amostra muiÃ© kkkkkkkkk que te tratarei como uma majestade kkkkkkk se louco veio",2.0,positive,positive,negative,True
Quero comprar pra revenda ...favor passar contato,2.0,positive,neutral,positive,False
"AÃ­ se besta sÃ´, tÃ´ cum Ã¡gua na boca, me manda amostra muiÃ© kkkkkkkkk que te tratarei como uma majestade kkkkkkk se louco veio",2.0,positive,positive,negative,True
e um veludo na goela,2.0,positive,negative,neutral,True
CACHAÃ‡A E ZE MARIA DA CIDADE DE HELIODORA SO CONSUMIDOR 50 ANOS NÃƒO TEM IGUAL NEM SALINAS//////// SEM QUIMICA PUISSIMA,2.0,positive,negative,positive,True
Eu ainda nÃ£o tomei essa cachaÃ§a aÃ­ mais quando eu estiver indo para Bahia nas minhas fÃ©rias eu vou fazer questÃ£o de compra  uma garrafa dessa cachaÃ§a prazer de Minas bom deve ser gostosa nÃ© como toda pinga nÃ© kkkkkkkkk mais eu vou provar,2.0,positive,positive,positive,True
Muito bom essa porra!,2.0,positive,negative,positive,True
Deliciosa,2.0,positive,positive,positive,True
Conziando e bebendo,1.0,neutral,negative,positive,True
Daniel Fiorin,1.0,neutral,neutral,neutral,False
Washington Lacerda,1.0,neutral,neutral,neutral,False
Graciele Melo de Barros,1.0,neutral,neutral,neutral,True
Eu mesmo,1.0,neutral,neutral,neutral,True
SÃ³ aqui em Maragogipe Terra Natal,1.0,neutral,neutral,positive,True
Archibaldo Gomes,1.0,neutral,neutral,neutral,False
ParabÃ©ns Antenor e Prosa Mineira por esse primor de cachaÃ§a. Merecida nota 10!,2.0,positive,positive,positive,True
"Qual a diferenÃ§a de:
CachaÃ§a
Aguardente
Pinga
A CachaÃ§a Ã© pinga 
A Aguardente Ã© pinga
A Pinga pinga
E quem toma cachaÃ§a Ã© ponguÃ§o ou pingaiada ğŸ˜‚ğŸ˜‚",2.0,positive,positive,negative,True
"Num quero saber a diferenÃ§a, tendo um tiragosto qualquer uma Ã© bem vinda!",1.0,neutral,positive,positive,True
ParabÃ©ns bela matÃ©ria !,2.0,positive,positive,positive,True
"51 e velho barreiro nÃ£o levou a premiaÃ§Ã£o ğŸ¤”?
Esses jÃºris nÃ£o sabem de nada !",0.0,negative,negative,negative,True
Top,2.0,positive,neutral,positive,True
TambÃ©m quero,2.0,positive,neutral,neutral,True
NÃ£o curto mais gostei da histÃ³ria.ğŸ‘ğŸ‘,2.0,positive,positive,positive,True
Uma cachacinha de boa qualidade vem bem a calhar.  ğŸ˜ğŸ˜ğŸ˜,2.0,positive,positive,positive,True
Marcio Gavloski Francielly Ferreira,1.0,neutral,neutral,neutral,False
Eita por fala nisso amanhÃ£ comeÃ§a o 5Â° fest pinga aq de Rio Claro SP!!! BebÃª deitado para nÃ£o dar trabalho!!! Ow mundÃ£o veio,2.0,positive,negative,positive,True
"Ubiraci, os assinantes recebem 2 cachaÃ§as de no mÃ­nimo 500ml, depende da seleÃ§Ã£o do mÃªs! ğŸ˜Š",1.0,neutral,positive,positive,True
A melhor de Minas se chama Costa rica ou Dombre fabricaÃ§Ã£o Guarani Minas gerais,2.0,positive,neutral,negative,True
Gosto mesmo Ã© cachaÃ§a  de banana e de milho verde,1.0,neutral,positive,positive,True
Qualquer uma depois da cachaÃ§ağŸ¤£ğŸ˜ğŸ˜…,1.0,neutral,positive,neutral,True
CachaÃ§a Bem Me Quer,1.0,neutral,positive,positive,True
Muito bom saber das histÃ³rias de como surgiu a CachaÃ§a,2.0,positive,positive,positive,True
"Esta e da melhor qualidade, adoro",2.0,positive,positive,positive,True
Chique,2.0,positive,neutral,neutral,True
Comprei uma Usina Velha quando vocÃªs fizeram promoÃ§Ã£o dela. Agora deu mais vontade de abrir.,2.0,positive,positive,positive,True
Thaisa Carmo,1.0,neutral,neutral,neutral,True
Weber haus amburana Ã© de  tomar rezando,2.0,positive,negative,neutral,True
Um luxo !,2.0,positive,positive,positive,True
Pinga.,1.0,neutral,negative,neutral,False
CANHA !!! em Itaqui RS.,1.0,neutral,positive,neutral,True
"A PRIMEIRA QUEIMA A GOELA
DESCE FORTE E VAI RASGANDO,
A SEGUNDA REFESTELA
DESCE FRESCA E DESLIZANDO

NÃƒO CONHEÃ‡O UM BRASILEIRO,
MESMO CHEIO DE CHILIQUE,
QUE IGNORE O SANTO CHEIRO
DE UMA PURA DE ALAMBIQUE.

A DANADA SEMPRE AGRADA,
SEJA PURA OU CAIPIRINHA
DENTRE TODAS DESTILADAS,
APRECIO A TAL BRANQUINHA

O SABOR QUE ARDE E QUEIMA
TEM AROMA ORIGINAL,
E APESAR DE TANTA TEIMA
Ã‰ PREFERÃŠNCIA NACIONAL.",1.0,neutral,positive,positive,True
"Existem quatro coisa mundo que sustenta o homem em pÃ©, a carne do boi curraleiro e o toucinho do porco baÃ© a cachaÃ§a 51 e o amor de uma mulher!!!",2.0,positive,positive,positive,True
Chique,2.0,positive,neutral,neutral,True
A que estiver cheia ğŸ˜‚ğŸ˜‚ğŸ˜‚ğŸ˜‚,1.0,neutral,positive,positive,True
Nossa! Adoro essa cachaÃ§a.,2.0,positive,positive,positive,True
Ezequiel Ribeiro Ribeiro,1.0,neutral,neutral,neutral,False
Caipirinha!,1.0,neutral,positive,positive,True
Daiane Iara Imhof Roseli Lino Loffi MaMariely Rocha,1.0,neutral,neutral,neutral,False
Rosivana Melo,1.0,neutral,neutral,neutral,False
Equinox - John Coltrane,1.0,neutral,neutral,positive,True
Trio X! Muito phoda. E lasko pinga pra dentro. â¤,2.0,positive,positive,positive,True
Obrigado pela resposta!,2.0,positive,positive,positive,True
https://www.youtube.com/watch?v=AhGAqbXtjYU,1.0,neutral,neutral,neutral,False
Piranha umburana,1.0,neutral,neutral,positive,True
"Estou impressionado, a Cambeba  participou do evento?",1.0,neutral,neutral,positive,True
Eu tenho interesse em fazer cachaÃ§a destilada,1.0,neutral,neutral,positive,True
SÃ£o sarue,1.0,neutral,negative,neutral,False
"Ae Matheus Valerio, 2 paixÃµes em 1 sÃ³",2.0,positive,positive,positive,True
#cachaÃ§aÃ©umnectadosdeuses..,2.0,positive,negative,positive,True
A cachaÃ§a seleta,1.0,neutral,neutral,positive,True
#cachaÃ§aÃ©culturabrasileira,1.0,neutral,neutral,neutral,True
Essa Ã© minha marca TakuÃ£,2.0,positive,neutral,positive,True
Gabriel Siqueiraa,1.0,neutral,neutral,neutral,False
Sapinho Tiete FÃ¡bio Marson,1.0,neutral,neutral,neutral,False
Oscar Cintra,1.0,neutral,neutral,neutral,False
Claudio Vieira,1.0,neutral,neutral,neutral,True
Cristiano Oliveira,1.0,neutral,neutral,neutral,False
Tenho. Seleta.  Boazinha.  Ypioca.   Claudionor.  Salinas.   Abaira.  Pitu. 51.  CaribÃ©.   Sapupara.,1.0,neutral,neutral,neutral,False
Nega FulÃ´ e Caranguejo.,1.0,neutral,negative,negative,True
Havana canarinho providÃªncia,1.0,neutral,neutral,neutral,False
@ImperiaCachaca,1.0,neutral,neutral,neutral,False
"Salinas Tradicional, sem dÃºvidas.",2.0,positive,positive,positive,True
ğŸ’–ğŸ’–ğŸ’–ğŸ’–ğŸ’–ğŸ’–ğŸ‘ŠğŸ‘ŠğŸ‘ŠğŸ‘ŠğŸ‘ŠğŸ‘Š,2.0,positive,positive,positive,True
Marialva. Espetacular!!!,2.0,positive,positive,positive,True
"Pardin 3 madeiras!
Certo Marcelopardin Pardin?!",1.0,neutral,negative,neutral,True
Porto morreres,1.0,neutral,negative,negative,True
Mangueira(Gelada),2.0,positive,neutral,neutral,True
Tomando Ã© o que me importa ğŸ™‹ğŸ™‹,1.0,neutral,positive,positive,True
QUERO COMPRAR UMA DORNA DE 5 LITROS. QUAL MADEIRA OU QUAIS COMBINAÃ‡Ã•ES DE MADEIRA VCS ME SUGEREM?,1.0,neutral,neutral,neutral,True
"A Casa Bucco Envelhecida, assim como a CB Amburana, estÃ£o entre as melhores cachaÃ§as que eu conheÃ§o.",2.0,positive,positive,positive,True
Marcelo Silva.Valmir Pereira Marques,1.0,neutral,neutral,neutral,False
Pra substituir a sueca RÃ¡ulison Vale,1.0,neutral,neutral,negative,True
Fernanda SimÃµes veja isto,2.0,positive,neutral,neutral,False
Marcelo Silva.Valmir Pereira Marques,1.0,neutral,neutral,neutral,False
Jean Pacheco e bota  cachaÃ§a  nisso ğŸ˜†ğŸ˜†ğŸ˜†,2.0,positive,positive,positive,True
sÃ£o vÃ¡rios......saudade de muitos,2.0,positive,neutral,negative,True
Allan Avancini,1.0,neutral,neutral,neutral,False
Hoje Ã© meu aniversÃ¡rio,1.0,neutral,positive,positive,False
MarÃ­bondo,1.0,neutral,neutral,neutral,False
Talita Salles Carla Juliana,1.0,neutral,neutral,neutral,False
Valdir jÃºnior  JÃºlio CÃ©sar,1.0,neutral,neutral,neutral,True
Thiago Gama Nascimento,1.0,neutral,neutral,neutral,False
Kawe Klay,1.0,neutral,neutral,neutral,False
Nilo Silva,1.0,neutral,neutral,neutral,True
Everton Spricigo shushushu,1.0,neutral,negative,neutral,False
"Sergio Ribeiro de Souza, Ricardo Boaventura",1.0,neutral,neutral,neutral,False
Marcio Oliveira,1.0,neutral,neutral,neutral,False
SergioCruz kkkkkk,1.0,neutral,neutral,neutral,False
Joao Victor Holanda,1.0,neutral,neutral,neutral,False
Claudionor,1.0,neutral,neutral,neutral,False
CachaÃ§a Caratinga!,1.0,neutral,positive,positive,True
Rodrigo Biguinhainha,1.0,neutral,negative,neutral,False
Essa Ã© muito boa!!!!!,2.0,positive,positive,positive,True
Hummmmm,1.0,neutral,neutral,neutral,False
IpÃª,1.0,neutral,neutral,neutral,False
Salinas com meu Amigo Gomes!ğŸ‘,1.0,neutral,positive,positive,True
Batista .. EdiÃ§Ã£o de comemoraÃ§Ã£o dos 70 anos...Fruta rara....,1.0,neutral,neutral,neutral,True
YpiÃ³ca 160.,1.0,neutral,neutral,neutral,False
O Sandro estÃ¡ me devendo uma dessağŸ˜¬ğŸ˜‚,1.0,neutral,negative,negative,True
Santa Rita de Mirabela MG,1.0,neutral,neutral,neutral,False
CachaÃ§a Catarina,1.0,neutral,neutral,neutral,True
JoÃ£o Mendes prata,1.0,neutral,neutral,neutral,True
51 Ouro,1.0,neutral,neutral,positive,True
LÃ¡ cana,1.0,neutral,neutral,neutral,False
cachaÃ§a 51,1.0,neutral,neutral,neutral,False
Ã caracuipe Ã© Ã³tima,2.0,positive,positive,positive,True
Tripinha de porco frita,1.0,neutral,negative,positive,True
Pepino,1.0,neutral,neutral,neutral,False
O meu copo que Ã© de Cristal!!!,1.0,neutral,positive,positive,True
O maior!,2.0,positive,positive,positive,True
Copo americano,1.0,neutral,neutral,neutral,True
"O melhor Ã© o limpo: imbatÃ­vel. 
;-)",2.0,positive,positive,positive,True
Vamo fazer um clube da maconha.,1.0,neutral,neutral,negative,True
Agora bateu....eita....ondao,2.0,positive,negative,negative,True
Eu quero saber e beber !!!,2.0,positive,positive,positive,True
Serra limpa!!!!!!,1.0,neutral,positive,positive,True
"SanhaÃ§u, ela Ã© orgÃ¢nica, feita em chÃ£ grande, muito boa mesmo",2.0,positive,positive,positive,True
Webber haus,1.0,neutral,neutral,neutral,False
Havana,1.0,neutral,neutral,positive,True
Quero compra a cachasa de vcs como faso,2.0,positive,negative,positive,True
Muito bom,2.0,positive,positive,positive,True
"CachaÃ§aria Nacional, vocÃªs se superaram! Ficou melhor que a encomenda! ParabÃ©ns!!",2.0,positive,positive,positive,True
Um corote de pedra 90,1.0,neutral,negative,neutral,True
TÃ¡ Ã³timo som,2.0,positive,positive,positive,True
Tomas Stade,1.0,neutral,neutral,neutral,True
ta schow,2.0,positive,neutral,negative,False
"Claudionor , Salinas , tenho um estoque bom de pinga com 20 anos Conhaque Dreher do rÃ³tulo preto tenho sapupara, donzela , chave de ouro, marimbondo, Mucuri , Muricy , caranguejo, e mais.",1.0,neutral,neutral,positive,True
JPiva,1.0,neutral,neutral,neutral,False
Ricardo Martins Ricardo Martins,1.0,neutral,neutral,neutral,False
ğŸ‘ğŸ‘ğŸ‘ğŸ‘ğŸ‘,2.0,positive,positive,positive,True
Karina Farias precisandi,1.0,neutral,negative,negative,True
Elliot Aboutboul,1.0,neutral,neutral,neutral,False
Caninha da roÃ§a,1.0,neutral,neutral,neutral,True
Cavalinho e Velho Barreiro kkkk,1.0,neutral,neutral,neutral,True
CachaÃ§a Usina Velha,1.0,neutral,neutral,neutral,True
"CachaÃ§a Crespo Ã© a melhor 
https://m.facebook.com/cachacacrespo/",2.0,positive,positive,positive,True
"CachaÃ§a Rainha , Bananeiras, PB. Pertinho de onde eu moro! 50% teor alcoÃ³lico.",1.0,neutral,positive,positive,True
Ypioca,1.0,neutral,neutral,neutral,False
"Rainha uma cachaÃ§a muito boa,50Â°.E jÃ¡ foi 52Â°.",1.0,neutral,positive,neutral,True
Serra Limpa e Carvalheira,1.0,neutral,neutral,positive,True
Serra limpa nÃ£o tem igual!!,2.0,positive,positive,positive,True
"CachaÃ§a Rainha, Bananeiras - PB.",1.0,neutral,neutral,neutral,True
Lira,1.0,neutral,neutral,neutral,False
OlÃ­mpio De Miranda JÃºnior olha aÃ­,2.0,positive,negative,neutral,True
"Weber Haus Premium, 7 madeiras, de Ivoti/ RS",1.0,neutral,neutral,positive,False
"Harmonie Schnaps, Weber Haus, Maria JoÃ£o, Yguara...",1.0,neutral,neutral,neutral,True
Rapariga...,0.0,negative,neutral,neutral,False
"Ã‰ um universo de muitos rÃ³tulos fantÃ¡stico, mais seria egoÃ­smo eleger uma apenas ,dentre varias maravilhosas !!",2.0,positive,positive,positive,True
"Prosa maneira ouro, envelhecida 2 anos em barris de amburana.",1.0,neutral,neutral,positive,True
"Serra das Almas... A primeira orgÃ¢nica do Brasil, melhor cachaÃ§a eleita em 2001... PreÃ§o acessÃ­vel.",2.0,positive,positive,positive,True
A de salinas Ã© top...,2.0,positive,positive,positive,True
Sto Grau,2.0,positive,neutral,neutral,True
AmemğŸ™,1.0,neutral,positive,neutral,True
Ainda mais com a CachaÃ§a Dom CabraL ğŸ˜‹ğŸ‡§ğŸ‡·ğŸ¥ƒ,2.0,positive,positive,positive,True
"Germana, Guaraciaba e ...",1.0,neutral,neutral,neutral,True
Que nÃ£o seja furado,0.0,negative,negative,neutral,True
Juba Junior,1.0,neutral,neutral,neutral,False
CachaÃ§a coluninha. De coluna mg,1.0,neutral,neutral,neutral,True
"puxando sardinha p meu lado , gosto muito da AlÃ­vio de Dores kkk",1.0,neutral,positive,positive,True
Masaropi,1.0,neutral,negative,neutral,False
"ğŸ¼Figado, figado, figado, fiiiiiiigaaaaaaadoooooooooooooooooo!",1.0,neutral,negative,neutral,True
Rosa e Rosinha,1.0,neutral,neutral,neutral,True
Samba!,1.0,neutral,positive,positive,True
CARNAVAL,2.0,positive,neutral,neutral,False
"ParabÃ©ns cachaÃ§a CachaÃ§a Tiara, sucesso prÃ¡ vcs sempre. AbraÃ§os",2.0,positive,positive,positive,True
Canto custa uma garrafa,1.0,neutral,negative,negative,True
Bota uma dose ai,2.0,positive,negative,neutral,True
Kkkkkkk,1.0,neutral,negative,neutral,False
Estrela azul,1.0,neutral,neutral,neutral,True
O nome do drink podia ser Limonis!!! Limonada+Anis ğŸ˜‚ğŸ˜‚ğŸ˜‚ Muito bom o drink,2.0,positive,positive,positive,True
Valor,1.0,neutral,neutral,neutral,True
Wendel Castro,1.0,neutral,neutral,neutral,False
ğŸ”ğŸ‘ğŸ‘ğŸ‘ğŸ‘,2.0,positive,positive,positive,False
Thais Turca,1.0,neutral,neutral,neutral,False
"Corrigindo, Famosinha de Minas, Salinas e Claudionor",1.0,neutral,neutral,neutral,True
Eu recomendo ğŸ˜,2.0,positive,positive,positive,True
Essa Ã© Ã³tima....,2.0,positive,positive,positive,True
Deu Ã¡gua na boca,2.0,positive,positive,neutral,True
Opa tÃ´ em bh,1.0,neutral,neutral,neutral,True
JÃ¡ pensou tomar uma dessa no show,1.0,neutral,positive,positive,True
CachaÃ§a catarinense CAFUNDÃ“ DA SERRA topp,2.0,positive,neutral,positive,False
Sagatiba!,1.0,neutral,negative,positive,False
Bueno BrandÃ£o,1.0,neutral,neutral,neutral,True
PITU KKKKK,1.0,neutral,negative,neutral,False
Sasinhora ocÃªs sÃ£o foda. Fui convencido...comprar esse trem nÃ© moÃ§o!!,2.0,positive,positive,negative,True
Paulo Taranto Reis,1.0,neutral,neutral,neutral,False
"JosÃ© Walter Pontes, JosÃ© Maria Honorato Moreira",1.0,neutral,neutral,neutral,True
Felix Floriano Silva,1.0,neutral,neutral,neutral,False
Jean Lima Lima e Diogo Meurer kkkk,1.0,neutral,neutral,neutral,True
Robenson Silva,1.0,neutral,neutral,neutral,False
Madalena Ribeiro,1.0,neutral,neutral,neutral,False
Salinas Umburana,1.0,neutral,neutral,neutral,False
"Excelente! PorÃ©m ainda estou Ã  espera da minha do mÃªs de Agosto. EstÃ¡ demorando, CN!...",0.0,negative,negative,positive,True
Marcos Augusto,1.0,neutral,neutral,neutral,False
Kd a foto?,0.0,negative,neutral,neutral,True
Eu quero kkkk,2.0,positive,positive,neutral,True
"Eita nois, sassenhora!!!",1.0,neutral,negative,negative,True
Cidinha Lumafo Raphael Ramos Marcos Antonio Ramazzoti Joaquim Joaquim,1.0,neutral,neutral,neutral,False
"Ana Carolina Bomfim, Tabita Carvalho, Rosi Giovanelli",1.0,neutral,neutral,neutral,False
Eu,1.0,neutral,neutral,neutral,False
Eu,2.0,positive,neutral,neutral,False
Vem a taÃ§a de brinde?,1.0,neutral,neutral,neutral,True
Sou associado e curto muito,2.0,positive,negative,positive,True
Marcelo Buiu Ramos,1.0,neutral,neutral,neutral,True
AÃ­ do valor,2.0,positive,neutral,neutral,True
Giovana Gimenes olha isso,1.0,neutral,neutral,neutral,False
show,2.0,positive,neutral,neutral,False
Temos que fazer uma igual em Sampa,2.0,positive,neutral,positive,True
Como comprar,1.0,neutral,neutral,neutral,False
kkkkk adoro,2.0,positive,positive,positive,True
Carlos Correa Antonio Rubens de Melo,1.0,neutral,neutral,neutral,True
Gisele Novaes Andrade,1.0,neutral,neutral,neutral,False
Obrigado,2.0,positive,positive,neutral,False
um espetÃ¡culo!,2.0,positive,positive,positive,True
Lucas Miranda,1.0,neutral,neutral,neutral,True
Um brinde!,1.0,neutral,positive,positive,True
Eitcha.. ai num tem como registri kkk,1.0,neutral,negative,negative,True
Eu ofereÃ§o a Ãurea CustÃ³dio. Ã‰ uma delÃ­cia.,2.0,positive,positive,positive,True
kkkkkkkkkkkkk,2.0,positive,negative,neutral,False
"Boa tarde pessoal faltou na lista dupla ouro bÃ¡lsamo Weber Haus 
E na prata licor de cachaÃ§a amburana Weber Haus",1.0,neutral,neutral,positive,True
"Andre Meggyesy Meggyesy, cade Ricardo Lima Verde nessa hora.....vamos conferir o padrÃ£o!",1.0,neutral,neutral,neutral,True
Josias F. Souza olha isso,1.0,neutral,neutral,neutral,False
Como faÃ§o pra vcs mandar uma cortesia pra mim passar a ser cliente fiel,1.0,neutral,neutral,positive,True
Meu sonho,2.0,positive,neutral,neutral,True
AooÃ´ trem lindo,2.0,positive,negative,neutral,True
Bjs,1.0,neutral,neutral,neutral,False
Umburana,1.0,neutral,neutral,neutral,False
Eduardo Costa Leonardo,1.0,neutral,neutral,neutral,False
Tenho q provar,2.0,positive,negative,neutral,True
Barril de umburana,1.0,neutral,neutral,neutral,True
Eu quero,2.0,positive,neutral,neutral,True
"Dener Vieira, FlÃ¡vio Henrique Melo",1.0,neutral,neutral,neutral,False
JÃ¡ fiz a minha compra............,2.0,positive,neutral,neutral,False
EstÃ£o de parabÃ©ns,2.0,positive,positive,neutral,True
Dener Vieira FlÃ¡vio Henrique Melo,1.0,neutral,neutral,neutral,False
Maravilha...onde encontro comprar???,2.0,positive,neutral,positive,True
Boa,2.0,positive,positive,positive,True
Johnatam Felicio,1.0,neutral,neutral,neutral,False
"Quanto fica com o frete para Pernambuco, CEP 55860-000",1.0,neutral,neutral,neutral,False
Essa Ã© boa...,2.0,positive,positive,positive,True
"ParabÃ©ns Carlinhos e Lelida. Tanta dedicaÃ§Ã£o , pesquisa e excelÃªncia, sÃ³ podem levar ao sucesso. De Bom Despacho para o mundo.",2.0,positive,positive,positive,True
ğŸ‘ğŸ‘ğŸ‘ğŸ‘ğŸ‘ğŸ‘ğŸ‘,2.0,positive,positive,neutral,True
Victor Pablo Paiva Moniere Dantas,1.0,neutral,neutral,neutral,False
Jussara Goncalves,1.0,neutral,neutral,neutral,False
ai Zaqueu sedano vc que gosta do produto monta um desse pra nois kkk,1.0,neutral,negative,positive,True
Tenho dificuldades de comprar essas delÃ­cias eu deixo o contato mais ninguÃ©m entra encontrado comigo.,1.0,neutral,negative,negative,True
Adolfo H. Neto FÃ¡bio Ivanki,1.0,neutral,neutral,neutral,False
Concerteza muito bom,2.0,positive,positive,positive,True
Ã‰ hoje...,1.0,neutral,neutral,neutral,True
Olha ai LuÃ­s Luiz Fontoura,1.0,neutral,neutral,neutral,True
"Minha caipirinha jÃ¡ estÃ¡ pronta, tchau !.",2.0,positive,positive,positive,True
Muito boa essa...mexe na minha cachaÃ§a nÃ£o. ...,2.0,positive,negative,negative,True
jÃ¡ tomei todas sÃ£o boa demais,2.0,positive,positive,positive,True
Meus amigos nÃ£o bebem.,0.0,negative,negative,neutral,True
Reginaldo B Paula Bruno OtÃ¡vio Serra Douglas Gonzaga Gonzaga Hilbert Do Valle Silvio Alberto Alexandre Lima sÃ³ pÃ© de cana,2.0,positive,negative,negative,True
"Eba, Ã© nÃ³is na fita uai, kkkkkkk.",2.0,positive,negative,positive,True
Qualquer dia vou aÃ­. Muito bom . Atendimento nota 10. Sempre compro de vocÃªs online.,2.0,positive,positive,positive,True
Marcos Soares,1.0,neutral,neutral,neutral,False
Boa,2.0,positive,positive,positive,True
"A cachaÃ§a CabarÃ© vem com o Eduardo Costa dentro ou Ã© o Leonardo ???
MisericÃ³rdia!!!!! Mais caro que ouro.?ğŸ˜±ğŸ˜±ğŸ˜±ğŸ˜±ğŸ˜± Olha isso, Marianna Cardoso e Vicente Thiago Arruda",0.0,negative,negative,negative,True
:D,2.0,positive,positive,positive,True
CachaÃ§a nÃ£o Ã© Ã¡gua....CachaÃ§a vem do alambique.....,1.0,neutral,positive,positive,True
GOSTARIA QUE ME ENVIASSE PRÃ PODER EXPERIMENTAR.OBRIGADA.,2.0,positive,positive,positive,True
TÃ´ te esperando pra tomar todas Guilherme.,1.0,neutral,positive,positive,True
"Carga e descarga , logo ali abaixo !!!",1.0,neutral,negative,neutral,True
ParabÃ©ns galera!,2.0,positive,positive,positive,True
Evandro Weber Blanca Cetim,1.0,neutral,neutral,neutral,False
Spiral de Faria lemos!,1.0,neutral,neutral,positive,True
Delicia...,2.0,positive,positive,positive,True
curtiu,2.0,positive,neutral,neutral,True
Kkkkk,1.0,neutral,negative,neutral,False
Muito boa a reportagem.,2.0,positive,positive,positive,True
kkkkkkkkkkk NÃ©???,1.0,neutral,negative,negative,False
Kkkkkkkkkkk,2.0,positive,negative,neutral,False
"Hoje Ã© dia de Ferreira JanuÃ¡ria, armazenada em tonÃ©is de Umburana.",1.0,neutral,neutral,positive,True
"CachaÃ§a Chico Mineiro, sempre!",2.0,positive,positive,positive,True
Middas CachaÃ§a :-),1.0,neutral,positive,positive,True
To envelhecendo uma.,1.0,neutral,negative,negative,True
"AÃ­. ....Pombinho, sua cachaÃ§a.",1.0,neutral,negative,neutral,True
Essa Ã© boa .......,2.0,positive,positive,positive,True
Que chic !!!,2.0,positive,positive,positive,True
Tenho e cerveja artesanal,1.0,neutral,positive,positive,True
Queria um de malte vc tem,2.0,positive,negative,negative,True
"Vomos comemorar o titolo mineiro, a qui e galo. Forte vingador. Pracima des galo e nois",2.0,positive,negative,positive,True
Nutrisul Agronegocios,1.0,neutral,neutral,neutral,False
www.cachacarianacional.com.br,1.0,neutral,neutral,neutral,False
"Eduardo Tadeu Zucarelli Garcia, Ã© esta a famosa?",1.0,neutral,neutral,neutral,True
Ficou muito legal. ParabÃ©ns.,2.0,positive,positive,positive,True
"Vcs tÃªm a ""BOAZINHA""?",1.0,neutral,negative,positive,True
Seu homen gosta muito fema,1.0,neutral,negative,negative,True
Klaus Rick....cadÃª vc meu querido? /0\,1.0,neutral,negative,positive,True
"Infelizmente nÃ£o poderei degustÃ¡-lÃ¡ nesse FDS, devido ao remÃ©dio..... Mas me aguarde....rsrsrs",1.0,neutral,negative,negative,True
Mateus Dias olha essa embalagem! ğŸ˜,2.0,positive,positive,positive,True
"Thyago Speziali, Clayton Gandra, FlÃ¡vio Scholbi, Marcos Vinicius Paolinelli Pessoal,  enviem para os outros amigos.",2.0,positive,neutral,neutral,True
"Fausto Lopes Silva, basta acessar o link a seguir e fazer o seu pedido: http://goo.gl/dxIFdb",1.0,neutral,neutral,neutral,False
Gosto muito da salina,2.0,positive,positive,positive,True
que embalagem bonita..vou ter que colocar uma dessa na minha coleÃ§Ã£o..,2.0,positive,positive,positive,True
tbm kero viu kkkkkkkkkkkkkkkkkkkkkkkk,2.0,positive,negative,neutral,False
Eu quero,2.0,positive,neutral,neutral,True
Cachacinha em Minas tem gosto de poesia !,2.0,positive,positive,positive,True
Ã‰ essa que o propietÃ¡rio foi preso por pedofilia???,0.0,negative,negative,negative,True
Prefiro a Canarinha!!!,1.0,neutral,positive,positive,True
Nossa ja perdi as conta quantas vezes Iso me aconteceu kkkkkkk.,2.0,positive,negative,negative,True
Pena que nÃ£o Ã© pra minha casa...to poupando pra comprar uma...,0.0,negative,positive,negative,True
"ParabÃ©ns, Vale Verde!",2.0,positive,positive,positive,True
Quem sabe ELA aparece no evento.,1.0,neutral,neutral,neutral,True
"CachaÃ§aria Nacional, na fila de baixo, da esquerda para a direita, a quarta garrafa, empalhada, seria uma Guaramiranga?",1.0,neutral,negative,neutral,True
Kkkkkkkk......,1.0,neutral,negative,neutral,False
eu bebo pra ficar feliz muitos associa a cachaÃ§a aquelas pessoas que vivem caidos pelas porta de bar  mas aquilo queles toma nÃ£o Ã© cachaÃ§a de boa nao Ã© justo Ã© triste ver uma coisa daquelas,0.0,negative,negative,negative,True
KKKKKKKKKKK...A COUVE NÃ‰????,1.0,neutral,negative,negative,True
SÃ©culo XVII Remi Zanol !,1.0,neutral,neutral,positive,True
Bom saber!!! Gostaria muito de conhecer.,2.0,positive,positive,positive,True
uhuuuu to nessa.,2.0,positive,positive,neutral,True
"Quando apareceu"""" Caio Schechner mencionou vocÃª e Nathalia Velloso wm uma publicaÃ§Ã£o"""". .. eu ja aabia que era sobre cachaÃ§a hahahahaha",1.0,neutral,positive,positive,True
Que delicia!,2.0,positive,positive,positive,True
eita kkkk,1.0,neutral,negative,neutral,True
bom de mais,2.0,positive,neutral,negative,True
"Sim Aderaldo Gazel Ã© uma ""boa idÃ©ia""... rsrsrs. Mas ainda tem gente que confunde pinga com cachaÃ§a...",2.0,positive,negative,negative,True
"ANTEPASTO DE JILÃ“, SÃ“ FALTA ADICIONAR CARQUEIJO",1.0,neutral,negative,positive,True
Guilherme Leme,1.0,neutral,neutral,neutral,False
Cocorrendo,1.0,neutral,neutral,neutral,True
participando  ^^,1.0,neutral,neutral,neutral,False
"Pior que falsificar leite, olha as idÃ©ia kkkkkk",0.0,negative,negative,negative,True
Nossa muito legal!!,2.0,positive,positive,positive,True
quem ganhou? EU EU EU!!!!,2.0,positive,negative,positive,True
hehehe,1.0,neutral,neutral,neutral,False
ela Ã© nota  M i l,2.0,positive,neutral,negative,True
ParabÃ©ns!!!,2.0,positive,positive,positive,True
Gostaria de saber o preÃ§o e como faÃ§o para conseguir,2.0,positive,neutral,neutral,False
Boa essa hem,2.0,positive,positive,positive,True
"Show,    companheira  a melhor;",2.0,positive,positive,positive,True
Porque nÃ£o vendem em mercado,0.0,negative,negative,negative,True
Essa tÃ¡ boa,2.0,positive,positive,positive,True
Lindo vestido,2.0,positive,positive,positive,True
"Eu comprei, excelente cachaÃ§a.",2.0,positive,positive,positive,True
Eu ainda vou comprar essa cachaÃ§a jÃ¡ estÃ¡ midando Ã¡gua naboca meus parabÃ©ns,2.0,positive,positive,positive,True
CachaÃ§a Companheira ğŸ¥ƒâ™¥ï¸ğŸ‘ğŸ‘ğŸ‘,2.0,positive,positive,positive,True
Realmente estÃ¡ entre as melhores ğŸ‘,2.0,positive,positive,positive,True
Que  delicia!,2.0,positive,positive,positive,True
ğŸ‘ğŸ‘ğŸ˜‹ğŸ˜‹ğŸ˜‹ğŸ˜‹ğŸ˜‹,2.0,positive,positive,positive,True
ğŸ˜³ğŸ˜³ğŸ˜³ğŸ˜‹ğŸ˜‹ğŸ˜‹,2.0,positive,positive,neutral,True
ParabÃ©ns,2.0,positive,positive,positive,True
Linda demais ğŸ˜˜,2.0,positive,negative,positive,True
"A boa cachaÃ§a  Ã©  melhor que wuicsk.
O Brasil deveria exportar",2.0,positive,neutral,positive,True
Meu Deus,1.0,neutral,negative,neutral,True
Mi MendonÃ§a me dÃ¡ uma de presente ğŸ˜,2.0,positive,positive,positive,True
Tami...,1.0,neutral,neutral,neutral,False
Que cachaÃ§a...,2.0,positive,neutral,neutral,True
Linda boa noite,2.0,positive,neutral,positive,True
Bom dia,1.0,neutral,neutral,neutral,False
Essa Ã© linda!,2.0,positive,positive,positive,True
Essa Ã© show,2.0,positive,positive,positive,True
"Manda uma prÃ¡ experimentar, se for boa as agente compra.",1.0,neutral,neutral,positive,True
Toppp,2.0,positive,negative,positive,False
O que bom dura pouco,2.0,positive,negative,negative,True
Deve ser muito boa ...,2.0,positive,positive,positive,True
"Comprei, hÃ¡ alguns meses, 02 garrafas da Extra Premium 8 anos....MARAVILHOSA!  Na prÃ³xima visita, vou dar uma ""namorada"" nessa Single Barrel  ğŸ‘ğŸ˜œ",2.0,positive,positive,positive,True
Onde encontro pra comprar em Belo Horizonte MG.?,1.0,neutral,neutral,neutral,False
Essa cachaÃ§a Ã© top maravilhosa vale a pena degusta-lÃ¡,2.0,positive,positive,positive,True
Maravilhosa.Valor?,2.0,positive,positive,positive,True
Essa nunca te largağŸ˜‚ğŸ˜‚,2.0,positive,negative,positive,True
ğŸ‘ğŸ‘ğŸ‘,2.0,positive,positive,neutral,True
AmanhÃ£ a noite vou fazer com certeza!!,2.0,positive,positive,positive,True
Eu adoro beber caipirinha agora nesse frio caipirinha sendo de pinga de qualidade eu desvazio a garrafa sÃ³,2.0,positive,positive,positive,True
Deve ser boa mesmo pelas referÃªncias!,2.0,positive,positive,positive,True
"Queria mesmo era o Toyota Bandeirantes.
Pena que nao fabrica mais e hÃ¡ muitos  anos.",1.0,neutral,negative,negative,True
Beba com moderaÃ§Ã£o,1.0,neutral,neutral,neutral,True
Gustavo Machado Perche Perche,1.0,neutral,neutral,neutral,True
ğŸ‘ŠğŸ‘ŠğŸ‘ŠğŸ‘Š,2.0,positive,neutral,neutral,False
Melhor que corotinho,2.0,positive,positive,positive,True
Angelo Fellipe Roesler,1.0,neutral,neutral,neutral,False
Luciano Prado uma companheira assim...ğŸ˜®ğŸ˜ğŸ˜,2.0,positive,positive,positive,True
"Ofertas no Facebook que nÃ£o trazem o preÃ§o,  nem vou atrÃ¡s,  seja o que for. 
QuestÃ£o de postura, ponto.",0.0,negative,negative,negative,True
Nada como uma boa cachaÃ§a,2.0,positive,positive,positive,True
A Companheira minha Amada da Noite mal dormida da minha Fantasia VocÃª razÃ£o do meu Viver............,2.0,positive,positive,positive,True
"Quanto Ã©??.
Tem aqui em BH??",1.0,neutral,neutral,neutral,False
Ana Laura GuimarÃ£es me lembrei de vocÃª saudades bjk,2.0,positive,negative,positive,True
Show,2.0,positive,neutral,neutral,False
Qual o valor?,1.0,neutral,neutral,neutral,True
Isso deve ser muito especial!,1.0,neutral,positive,positive,True
Claudia Denise,1.0,neutral,neutral,neutral,False
Eduardo Bueno MagalhÃ£es Bastos,1.0,neutral,neutral,neutral,False
Quando custa.,1.0,neutral,negative,neutral,True
Austrino Germano,1.0,neutral,neutral,neutral,True
Nunca ouvi falar. Kkkkk,1.0,neutral,negative,neutral,True
Filipe Zagabria,1.0,neutral,neutral,neutral,False
Mande a receita,1.0,neutral,neutral,neutral,False
Lu eu quero !,2.0,positive,negative,positive,True
"Maldinha, essa deve ser boa.kkkk",2.0,positive,negative,positive,True
Que delÃ­cia ğŸ˜ğŸ˜‹,2.0,positive,positive,positive,True
"Acredito que a premiaÃ§Ã£o foi justa, esta cachaÃ§a realmente e Ã³tima, uma das minhas preferidas, fico feliz em saber que no estado tem Ã³timas cachaÃ§a, parabÃ©ns a empresa Companheira.",2.0,positive,positive,positive,True
Edson Tetsuo Fukuda: tem jeito?,1.0,neutral,neutral,neutral,True
Ã‰u quÃªru ğŸ˜‚ğŸ˜‚ğŸ˜‚ğŸ˜‚,2.0,positive,positive,positive,True
Marival Grillo,1.0,neutral,neutral,neutral,True
QUERO ESPIRIMENTA E DE GOSTA ESTÃ  PINGA SABE QUE EU ENTENDO  DE UMA BOA CACHAÃ‡A  MANDA PRA MIM  EU MESMO  VENDO PRA TI,2.0,positive,negative,positive,True
Olha isso Amor Rosana GhiraldiğŸ‘†diaaaaağŸŒ¹ğŸ’‹â¤ï¸ğŸ™,2.0,positive,positive,positive,True
Aonde Ã©  essa delÃ­cia  conta pra nois,2.0,positive,negative,positive,True
pensa numa cachaÃ§a Boa,2.0,positive,positive,positive,True
NÃ£o conheÃ§o,1.0,neutral,negative,neutral,False
"Raaapaaazzz ğŸ‘ğŸ‘ğŸ‘veja cantor MARCOS VINNY ll ...tÃ³oop dmaaaiiisss da conta sÃ´! 
..precisamos fazer uma visita lÃ¡ sÃ´ ğŸ˜†",2.0,positive,positive,positive,True
Jorge LÃ³pez,1.0,neutral,neutral,neutral,False
Nelson Santos Pereira,1.0,neutral,neutral,neutral,False
"Marco Soares, veja que aula....",2.0,positive,neutral,neutral,True
Fenomenal!!!,2.0,positive,positive,positive,True
Gostaria de comprar para presente!!!!!,2.0,positive,positive,positive,True
Quero provar,2.0,positive,neutral,neutral,True
Imburana a melhor de todas,2.0,positive,positive,positive,True
"Muito bonita , para presentear ....",2.0,positive,positive,positive,True
Seria bem legal se vocÃªs da cachaÃ§a companheira sorteasse umas de brindes para os fÃ£s ... Com certeza todos iriam amar e lÃ³gico torcer para ganhar essa maravilha ğŸ‘ğŸ‘ğŸ‘,1.0,neutral,positive,positive,True
NÃ£o vende em supermercados do interior de SÃ£o Paulo? Itu?,1.0,neutral,negative,negative,True
"Bom dia e uma Ã³tima semana a todos. Para quem ainda nÃ£o desvendou esse mistÃ©rio...o copo que enche primeiro Ã© o 3ğŸ¤£, agradecemos a participaÃ§Ã£o e interaÃ§Ã£o de todos, vocÃªs sÃ£o demais, em breve teremos mais desafios.",1.0,neutral,positive,positive,True
Delicia quero uma,2.0,positive,neutral,positive,True
"Compro onde, Ã© de que estado brasileiro",1.0,neutral,neutral,neutral,True
ParabÃ©ns ! Pelo sucesso da cachaÃ§a COMPANHEIRA.,2.0,positive,positive,positive,True
Bom gosto mesmo parabÃ©ns,2.0,positive,positive,positive,True
"EstÃ¡ aqui, estÃ¡ lÃ¡, estÃ¡ em todo lugar.  ParabÃ©ns Companheira.",2.0,positive,positive,neutral,True
Muito bom,2.0,positive,positive,positive,True
Nyce Copini,1.0,neutral,negative,positive,False
SalÃ´ Nunes,1.0,neutral,neutral,neutral,True
Clara Druziani,1.0,neutral,neutral,neutral,True
Carmencitta Carmem!!!!!!!!,1.0,neutral,positive,positive,True
Vai uma amor Jaqueline BM? ğŸ¸ğŸ¸,2.0,positive,negative,positive,True
Se chama porradinha,1.0,neutral,neutral,neutral,True
Mauricio Eugenio Crivellaro,1.0,neutral,neutral,neutral,False
Ou tomar uma opÃ§Ã£o.,1.0,neutral,neutral,neutral,True
Qual o valor?,1.0,neutral,neutral,neutral,True
Parece ficar bom em,2.0,positive,neutral,neutral,True
Que delÃ­cia,2.0,positive,positive,positive,True
i tÃ£o vomus tom cacsa. kkkkkkkk,2.0,positive,negative,negative,True
Roberto Pacetta,1.0,neutral,neutral,neutral,True
Top,2.0,positive,neutral,positive,True
Nobre,1.0,neutral,neutral,neutral,True
Top,2.0,positive,neutral,positive,True
Valor,1.0,neutral,neutral,neutral,True
"Nessa  Gui, e DedÃ©. Vale a dica. Kkkkk",1.0,neutral,neutral,positive,True
Gosto de caipirinha,1.0,neutral,positive,positive,True
Top,2.0,positive,neutral,positive,True
Melhor cachaÃ§a...ğŸ‘ğŸ‘ğŸ‘,2.0,positive,positive,positive,True
Um luxo,2.0,positive,neutral,neutral,True
Sara de Brito....vai estar.....rsrsrsrs,1.0,neutral,negative,neutral,True
Huuummmm!!!,2.0,positive,negative,neutral,False
Chique,2.0,positive,neutral,neutral,True
Essa e da boa,2.0,positive,positive,positive,True
ZAP 13 996365696,1.0,neutral,neutral,neutral,False
eu quero pra dar pra uma pessoa ğŸ‘©â€ğŸ’» muito especial que faz coleÃ§Ãµes de bebidas ğŸ¹ assim pro dr cleverson  Pamela Oliveira  Sarlete Santos Iara Aloy,2.0,positive,positive,positive,True
LaÃ­s Rosas e Leandro Menezes quero ganhar esse! SerÃ¡ q tenho sorte dessa vez?,1.0,neutral,positive,positive,True
"Eu quero 
Augustinho souza 
AntÃ´nio  marcos e 
Sidnei JosÃ©",2.0,positive,neutral,neutral,True
"Gostaria de ganhar, porque nÃ£o conheÃ§o",2.0,positive,negative,negative,True
Eu quero,2.0,positive,neutral,neutral,True
Claudio nilsA EU QUERO,2.0,positive,negative,positive,True
"Irma, Karin e Carla.",1.0,neutral,neutral,neutral,False
Rita Alves. Adriele Oliveira,1.0,neutral,neutral,neutral,False
Eu quero,2.0,positive,neutral,neutral,True
Marli jeane Daiane,1.0,neutral,neutral,neutral,False
Eu quero ganhar,2.0,positive,positive,positive,True
Eu quero concorrer,1.0,neutral,positive,neutral,True
Regiane Diomario.  Luisiane. Borges,1.0,neutral,neutral,neutral,False
"bebo com moderaÃ§Ã£o...
Ismael Ferreira DurÃ£es
Flavio Marvejol",1.0,neutral,neutral,neutral,True
Mas que tall eu quero Gerson Steffen Fabricio Godoi,2.0,positive,negative,positive,True
Priscila Maris Experience,1.0,neutral,neutral,neutral,True
Muito bom Nicolas Berlim Zambon Arno Schmidt Terres,2.0,positive,neutral,positive,True
Diogo James Braghin .Paulo Paulo Ricardo Braghin,1.0,neutral,neutral,neutral,False
Paulo Roberto de Oliveira Talita Alves,1.0,neutral,neutral,neutral,False
Andson Santos. Paula Daniela Oliveira.,1.0,neutral,neutral,neutral,False
Paulo Ricardo Majo Miranda,1.0,neutral,neutral,neutral,False
Eliane Souza Daniel X Xaiane,1.0,neutral,neutral,neutral,False
"Solange Castellini Souza
Juliana Patick",1.0,neutral,neutral,neutral,False
Tiago Pereira Gustavo Pereira,1.0,neutral,neutral,neutral,False
Andre Santos Celso Viriato,1.0,neutral,neutral,neutral,False
"Eduardo Vieira Munhoz
Eduardo Usiminas",1.0,neutral,neutral,neutral,False
"Geovania Cacique
Rita Cacique",1.0,neutral,neutral,neutral,False
"Vanessa Pereira
Yuri Henrique",1.0,neutral,neutral,neutral,False
"Jorge Luiz Pereira
Jose Pedro Souza",1.0,neutral,neutral,neutral,False
"Geraldo Marcos Souza Garcia
MÃ¡rio Geraldo Margotto",1.0,neutral,neutral,neutral,False
Francisco Das Chagas  Josiely Neves Macedo,1.0,neutral,neutral,neutral,False
Regis De Lima Moises Barros de Lima,1.0,neutral,neutral,neutral,False
"Celia Daniel, Stefani CÃ¢ndido Quero",1.0,neutral,neutral,positive,False
Fabiano Tunes da Silva Elizabeti Tunes,1.0,neutral,neutral,neutral,False
Eu quero sim esse kit de cachaca pra comemorar  a virada do ano Mylly My Leandro Santos Dailson Santos,2.0,positive,positive,positive,True
"Brenda Nascimento 
Samuel Silva",1.0,neutral,neutral,neutral,False
"Eu quero 
Tais Santos Daia Oliveira",2.0,positive,neutral,positive,True
Tuca Martins Michel Soares Agda Maria,1.0,neutral,neutral,neutral,False
Eu quero Amanda Patricia Sol Reis,2.0,positive,neutral,neutral,True
Gil Alves Gilmar Betineli,1.0,neutral,neutral,neutral,False
Paulo Henrique Marques JÃºlio CÃ©sar,1.0,neutral,neutral,neutral,False
"Olha lÃ¡ !
Jose Ernesto Bazani",1.0,neutral,positive,neutral,True
Linda a garrafa! Uma verdadeira obra de arte!,2.0,positive,positive,positive,True
Pra nÃ³s tomar amor Sofia Lopes Brito,2.0,positive,positive,positive,True
Romualdo Fontes,1.0,neutral,neutral,neutral,False
Deu Ã¡gua na boca...hum,2.0,positive,positive,neutral,True
Boa muito!!! Muito Boa!!!,2.0,positive,positive,positive,True
Temos que colocar essas novas na CachaÃ§aria Nacional !,2.0,positive,positive,positive,True
Legal,2.0,positive,neutral,neutral,True
ParabÃ©nssss!!! Sucesso!!!,2.0,positive,positive,positive,True
ParabÃ©ns pelo sucesso!!! e Um 2013 completo de realizaÃ§Ãµes!!!,2.0,positive,positive,positive,True
e quanto essa ?,1.0,neutral,neutral,neutral,False
Sandrinha Markes Hermes Bruna Marques Adriana Marques Dos Santos Marcelo Santos Claudinei Adriana,1.0,neutral,neutral,neutral,False
Vou tomar tambÃ©m ğŸ¤—ğŸ¤—,2.0,positive,positive,positive,True
Amo.,2.0,positive,positive,positive,True
1 A cor amarelo ovo (falsa),1.0,neutral,negative,negative,True
Valores,1.0,neutral,neutral,neutral,True
TOP _ UP,2.0,positive,neutral,neutral,False
TOP _ SONHO !...,2.0,positive,positive,positive,True
Com certeza..,1.0,neutral,neutral,neutral,True
Estou apreciando neste momento...ğŸ˜,2.0,positive,positive,positive,True
Foto: Darlan Fuzuca,1.0,neutral,neutral,neutral,False
Y este producto de donde es,1.0,neutral,neutral,neutral,True
ğŸ˜ğŸ˜ğŸ˜ğŸ¥ƒğŸ¥ƒğŸ¥ƒ,2.0,positive,positive,positive,True
"Entregamos em todo o Brasil ğŸ‡§ğŸ‡· 

https://www.cachacariasalinas.com.br/cachacas/anisio-santiago",1.0,neutral,neutral,neutral,True
Jorge Ferreira Custodio CustÃ³dio Jorge Custodio,1.0,neutral,neutral,neutral,False
ğŸ‘ğŸ˜‹,2.0,positive,neutral,neutral,False
Silvia Santos,1.0,neutral,neutral,neutral,False
Eu quero Jeronimo Guedes Santos Isaque Ivanildo Santana Santos,2.0,positive,neutral,neutral,True
"Essa Ã© boa e eu gosto muito, Ã© de Salinas",2.0,positive,positive,positive,True
Daniel FeijÃ³,1.0,neutral,neutral,neutral,False
Boa tarde,2.0,positive,positive,neutral,False
Regiane Reis vamos  ?,1.0,neutral,negative,neutral,True
Bandas?,1.0,neutral,neutral,neutral,True
As melhores,2.0,positive,positive,positive,True
Sucesso !,2.0,positive,positive,positive,True
Chique,2.0,positive,neutral,neutral,True
Valor?,1.0,neutral,neutral,neutral,True
EstÃ¡ veio para ficar na histÃ³ria,2.0,positive,positive,positive,True
Chique,2.0,positive,neutral,neutral,True
Top,2.0,positive,neutral,positive,True
Sensacional top,2.0,positive,positive,positive,True
eu  queria  tanto   ganhar  dair rodrigues  Dair Lemes,2.0,positive,neutral,positive,True
Opa olha aÃ­ Lislane Correa,1.0,neutral,neutral,neutral,False
Vagner Anselmo,1.0,neutral,neutral,neutral,True
Miriam Laura,1.0,neutral,neutral,neutral,False
Wanderson Vicente tÃ´ esperando a minha atÃ© hoje...,0.0,negative,negative,positive,True
Cara que dÃ³i!,0.0,negative,negative,negative,True
Mas tem dia k tÃ´ sem crana,1.0,neutral,negative,negative,True
Fiz a pergunta tambÃ©m pelo site. Mas gostaria de saber se a miniatura que vem na caixa Ã© esta da foto. Grato.,1.0,neutral,positive,neutral,True
"ParabÃ©ns, JoÃ£o da MagnÃ­fica!!!Toda felicidade possÃ­vel Ã  vocÃª e famÃ­lia! â¤ğŸ‘ğŸ¿",2.0,positive,positive,positive,True
"Grande JoÃ£o,  tudo de bom pra vocÃªs aÃ­.  AbraÃ§o",2.0,positive,positive,positive,False
SaÃºde,2.0,positive,neutral,neutral,False
eu tenho    melhor cachaÃ§a do mundo,2.0,positive,positive,positive,True
ParabÃ©ns para ele!!! Muita saÃºde e felicidade!,2.0,positive,positive,positive,True
ParabÃ©ns JoÃ£o Luiz sucesso e felicidades,2.0,positive,positive,positive,True
Opa acabei de beber uma caipirinha feita com a MagnÃ­fica de Faria .,1.0,neutral,positive,positive,True
2 exemplos pra todas nÃ³s. Bj,2.0,positive,neutral,neutral,False
Belissimos! Merecida homenagem! Agora me diz uma coisa: onde encontro MagnÃ­fica em Londres?!,2.0,positive,positive,positive,True
Magnifica soh tem uma!,2.0,positive,positive,positive,True
Carnaval 2020 em grande estilo ! ParabÃ©ns Sr JoÃ£o Luis! ParabÃ©ns a cachaÃ§a MagnÃ­fica!,2.0,positive,positive,positive,True
Jaqueline Luz,1.0,neutral,neutral,neutral,False
Lindos!!!,2.0,positive,positive,positive,True
ParabÃ©ns Cau e JoÃ£o LuÃ­s! Pena eu nÃ£o poder ir. Bj,2.0,positive,positive,negative,True
Valnice Pereira Da Silva Macedo,1.0,neutral,neutral,neutral,False
Luan Passos,1.0,neutral,neutral,neutral,True
Up,2.0,positive,neutral,neutral,True
E MagnÃ­fica realmente !!!,2.0,positive,positive,positive,True
ParabÃ©ns!!!,2.0,positive,positive,positive,True
Carol Morgan Mutter,1.0,neutral,neutral,neutral,True
Essa vale. Apena tomar umaskkkkkk,2.0,positive,neutral,negative,True
Cheers! ğŸ¹ğŸ¸ğŸ¥ƒ,2.0,positive,neutral,positive,False
"A definiÃ§Ã£o do vencedor foi com base numa fÃ³rmula matemÃ¡tica, usando os minutos da hora de chegada de todas as respostas certas como base. A fÃ³rmula estÃ¡ Ã  disposiÃ§Ã£o para auditoria. AbraÃ§o a todos e obrigado pela participaÃ§Ã£o!",1.0,neutral,positive,neutral,False
ParabÃ©ns  meu querido  JoÃ£o JoÃ£o Luiz de Faria que venham muitos mais prÃªmios  e sucesso!!! ğŸ‘ğŸ‘ğŸ‘ğŸ‘ğŸ‘ğŸ‘,2.0,positive,positive,positive,True
"ParabÃ©ns, JoÃ£o Luiz pelo sucesso da Magnifica !",2.0,positive,positive,positive,True
"Show de bola, lindo trabalho. Ta de parabÃ©ns.",2.0,positive,positive,positive,True
"Uhu! Cunhado Pedro Bettencourt Dos Santos, To sonhando com uma caipirinha MagnÃ­fica feita por vc! Kkkkk",2.0,positive,positive,positive,True
Qta alegria!,2.0,positive,positive,positive,True
Ansiosa aguardando a minha garrafa chegar.ğŸ¹,2.0,positive,positive,positive,True
Gostei da garrafa,2.0,positive,positive,positive,True
Essa cachaÃ§a Ã© muito boa tem qualidade,2.0,positive,positive,positive,True
Show,2.0,positive,neutral,neutral,False
vote na CachaÃ§a Sapucaia  ğŸ˜€http://www.cupuladacachaca.com.br/2019/,1.0,neutral,positive,positive,True
ğŸ‘ğŸ½ğŸ¥ƒğŸ’ªğŸ¾ğŸ‘ğŸ¾,2.0,positive,positive,neutral,False
Frete Gratis!!!!??? Vale pra Dinamarca???,1.0,neutral,neutral,positive,True
Que bom!!!,2.0,positive,positive,positive,True
Carelis SÃ¡nchez este es el vÃ­deo q te dije miralo,1.0,neutral,negative,positive,True
ParabÃ©ns  meu grande amigo e parceiro,2.0,positive,positive,positive,True
Ok! Isso Ã© Ã³ timo ğŸ¹ğŸ¸,2.0,positive,positive,positive,True
ParabÃ©ns Que deus abenÃ§oe  muito vcs,2.0,positive,positive,positive,True
ParabÃ©ns Wilson Barros tudo de bom pra vocÃª!! Felicidades  um Brinde com cachaÃ§a wiba !,2.0,positive,positive,positive,True
"ParabÃ©ns,Sucesso! ğŸ¥‚ğŸ‚",2.0,positive,positive,positive,True
ParabÃ©ns!!!!,2.0,positive,positive,positive,True
"Uma cachaÃ§a excelente, parabÃ©ns",2.0,positive,positive,positive,True
ğŸ‘ğŸ½ğŸ‘ğŸ½ğŸ¥ƒğŸ¥ƒ,2.0,positive,positive,neutral,False
Onde ?,1.0,neutral,neutral,neutral,False
ParabÃ©ns!! ğŸ‘ğŸ»ğŸ‘ğŸ»ğŸ‘ğŸ»,2.0,positive,positive,positive,True
ParabÃ©ns Wilson Barros famÃ­lia wiba merecedora do seu trabalho e qualidade da sua cachaÃ§a wiva,2.0,positive,positive,positive,True
ParabÃ©ns famÃ­lia merecido o prÃªmio eu amo Wiba,2.0,positive,positive,positive,True
Ã‰rica Ewert BartiÃ© Edson Kurz essa cachaÃ§a Ã© muito boa,2.0,positive,positive,positive,True
"Olha, Andrey Mayr !!!!",1.0,neutral,negative,neutral,True
NÃ£o poderia ser diferente. ParabÃ©ns. Quanta qualidade!!!ğŸ‘ğŸ‘,2.0,positive,positive,positive,True
Eu quero,2.0,positive,neutral,neutral,True
sou. uma. mae.  apaixonada. pela. wiba,2.0,positive,neutral,neutral,True
Parabens Wil s on,2.0,positive,positive,neutral,True
SÃ­lvia Panetta Nascimento,1.0,neutral,neutral,neutral,False
Ebaaaaaa adoro novidades!,2.0,positive,positive,positive,True
Uauuuu,2.0,positive,negative,neutral,False
ParabÃ©ns mestre,2.0,positive,positive,positive,True
"Logo estaremos juntos no SBT  responderemos seu email na prÃ³xima semana e embarcaremos ao sucesso absoluto 
Um abraÃ§o",2.0,positive,positive,positive,True
"Parabens Wilson, palestra sua com certeza ,ninguem pisca imaginando sua sabedoria no ramo da cachaÃ§a...abs",2.0,positive,positive,positive,True
"ğŸ‘ğŸ»ğŸ‘ğŸ»ğŸ‘ğŸ» ParabÃ©ns,
Wilson Barros, sobre este UNIVERSO vc entende bem...",2.0,positive,positive,positive,True
CachaÃ§a paaaar favaaaar!,2.0,positive,positive,positive,True
Whisky rad label Ã© um lixo! aqui  Ã©  1000% WIBA cachaÃ§a confiÃ¡vel!,1.0,neutral,negative,negative,True
Que foto lindaaaa! Imagine o coquetel rsrs...,2.0,positive,positive,positive,True
"Obrigada Wilson,adorei a palestra e a degustaÃ§Ã£o.",2.0,positive,positive,positive,True
SÃ³ WIBA! para trazer essa sensaÃ§Ã£o Ãºnica nesses dias frios. ğŸ’•,2.0,positive,positive,positive,True
nÃ£o estou bebendo mas vou la apoiar o evento !,2.0,positive,positive,neutral,True
Uhuuu!!! Arrasou! Go WIBA!!!!,2.0,positive,positive,positive,True
Obrigado Hugo!,2.0,positive,positive,positive,True
Amei todas super indico ğŸ˜ğŸ‘ğŸ‘ŒğŸ˜‹,2.0,positive,positive,positive,True
"Rosimeire Ribeiro, Giselda Ribeiro, Roseli Ribeiro, Valdir Ribeiro da Silva, Gilson Tadeu Gil, Laura Ribeiro Gil",1.0,neutral,neutral,neutral,False
Boa sorte!!,2.0,positive,positive,positive,True
Deliciosa. TOP...,2.0,positive,positive,positive,True
KascÃ£o Oliveira Lima,1.0,neutral,neutral,neutral,False
Onde compra???,1.0,neutral,negative,neutral,False
DelÃ­cia!,2.0,positive,positive,positive,True
U.u. eu quero,2.0,positive,neutral,neutral,True
NÃ£o me mandaram o convite,1.0,neutral,negative,negative,True
Ok obrigado a todos um forte abraÃ§o#,2.0,positive,positive,positive,True
"Nem acredito que perdi essa! Na prÃ³xima, estarei aÃ­.",2.0,positive,positive,positive,True
Quando vai estar disponÃ­vel para compra no site o kit?,1.0,neutral,neutral,neutral,False
THE  BEST !!,2.0,positive,positive,positive,True
Dario Dantas seria seu sonho? ğŸ¤£,1.0,neutral,positive,neutral,True
paga frete?,1.0,neutral,neutral,positive,True
"Excelente opÃ§Ã£o para presente, recomendo os licores de pequi e jabuticaba sÃ£o uma delÃ­cia.",2.0,positive,positive,positive,True
Muito gostosa. Amei,2.0,positive,positive,positive,True
SÃ³ cachaÃ§a top,2.0,positive,positive,positive,True
),1.0,neutral,neutral,positive,False
Obaaa...  quem sabe eu ganho da prÃ³xima vez..   =/    D,2.0,positive,neutral,negative,True
Faltou eu!!! ),1.0,neutral,negative,negative,True
Michele Vieira e Leandro Pereira da Silva esse Ã© o engenho que lhes falei ),1.0,neutral,neutral,positive,False
MaÃ­sa Tolentino ),2.0,positive,neutral,neutral,False
Ana Paula Lima Mateus Ribas,1.0,neutral,neutral,neutral,False
eu quero um desses..... p,2.0,positive,neutral,neutral,True
